成员,QQ号,性别,Q龄,入群时间,最后发言
宝哥,976692466,男,10年,2015/11/05,冒泡(2)
小静老师,3178001965,未知,4年,2015/11/07,传说(844)
白菜,946316220,男,10年,2016/11/02,传说(516)
=.=!!!?颠蚊,119529036,未知,17年,2016/06/04,传说(210)
峡谷金桥,258302687,未知,16年,2016/05/09,潜水(0)
灰太狼,309146013,男,15年,2016/10/21,潜水(0)
风中奇缘,76222608,男,18年,2017/02/16,潜水(0)
Brian,137956802,男,12年,2019/07/12,传说(516)
小飞乡,372422201,男,15年,2016/06/26,传说(486)
不忘初心,3286819429,男,4年,2018/11/06,传说(322)
路西菲尔,409175215,男,14年,2018/07/14,传说(219)
沫之夏,571930699,男,10年,2019/04/27,传说(151)
Zpl-@・林,360737395,男,15年,2016/06/27,传说(123)
Arsenic_,843353160,男,12年,2019/07/31,传说(122)
。。。,2450741440,男,7年,2018/11/14,传说(97)
LSY,1174928874,未知,9年,2019/02/09,传说(80)
Y虚实??憧憬〃,1042310705,未知,11年,2019/05/05,传说(76)
TheAPICaller,317848010,男,10年,2019/06/13,唠叨(75)
阳阳,398362434,男,14年,2018/08/14,唠叨(61)
浩炎飞云,752819242,男,12年,2019/07/25,唠叨(61)
______心丶,378909613,男,14年,2016/11/04,唠叨(60)
Picksun,441494750,男,14年,2018/08/14,唠叨(59)
Frozen.Blue,394366290,男,10年,2019/06/24,唠叨(59)
.,863913872,男,10年,2019/06/18,唠叨(57)
高,934127319,男,9年,2017/08/07,唠叨(56)
有何不可,1028647697,男,10年,2019/06/14,唠叨(53)
t??や★盛行★や??s,1018488788,男,11年,2019/05/28,唠叨(49)
┾弑┡ē月,490363979,未知,12年,2019/07/25,唠叨(44)
一切都会好起来,1742035756,男,8年,2019/07/01,唠叨(42)
-牵着┑摹嶙羰,282263179,男,12年,2019/04/14,唠叨(41)
oО珍￡惜√,470675057,男,14年,2019/07/03,唠叨(40)
心比柠檬甜！,1065677420,男,8年,2018/08/14,唠叨(39)
Shan,981240760,男,11年,2018/07/13,唠叨(38)
HAPPY,1196066698,男,10年,2019/08/05,唠叨(37)
jagger,1336098842,男,9年,2018/08/17,唠叨(36)
2547956050,2547956050,男,7年,2019/05/14,唠叨(36)
海浪,276762710,男,16年,2019/07/23,唠叨(35)
?,297013849,未知,15年,2018/10/24,唠叨(34)
远方,1198739880,男,10年,2019/07/07,唠叨(34)
奔跑的羊,43298511,未知,17年,2019/06/06,唠叨(33)
wy-しovё???9、Steven,646723978,男,8年,2019/04/23,唠叨(32)
困难群众,1692667299,男,7年,2019/08/21,唠叨(32)
丶??????范范范范,1017006479,男,11年,2018/04/02,唠叨(30)
哈哈哈哈,478463980,男,11年,2018/09/05,唠叨(30)
?~?~?~,1751025821,男,7年,2019/05/05,唠叨(30)
[?????/fch?悔?],379839355,男,14年,2019/06/18,唠叨(29)
D???大个子,2049148764,男,5年,2019/08/28,唠叨(29)
MisterLi,2313431044,男,7年,2019/01/24,唠叨(28)
K,446870567,男,14年,2019/05/14,唠叨(28)
??腿?ㄒéи??生??疼?,869688737,男,10年,2019/07/18,活跃(26)
-超人/kuk,348639096,男,15年,2019/08/14,活跃(26)
Andy.z,601318174,男,13年,2019/07/17,活跃(24)
哀伤指尖流淌,1358302913,男,9年,2019/01/24,活跃(23)
瓦尔登湖畔,964747264,未知,10年,2019/08/05,活跃(23)
S,1126004232,男,10年,2019/09/05,活跃(23)
不尽长江滚滚来,3224948074,男,3年,2019/07/07,活跃(22)
星辰,858972717,男,10年,2019/07/30,活跃(22)
镜,695804684,男,12年,2019/06/03,活跃(21)
????,121485915,男,10年,2019/08/05,活跃(21)
墨染宣纸,156328785,男,11年,2019/06/21,活跃(20)
Saber,921289409,男,11年,2019/07/02,活跃(20)
ldd,1157136367,男,10年,2019/07/04,活跃(20)
岁月如梭,2791978257,男,5年,2019/07/24,活跃(20)
zxc,807158838,男,12年,2019/07/29,活跃(20)
惊艳了时光,601461129,男,12年,2019/08/08,活跃(20)
江湖里的小精灵,624945283,女,13年,2019/08/08,活跃(20)
*Д一丨丿丶]?ёдё,2352829321,男,6年,2018/11/10,活跃(18)
小莫,1842577681,男,7年,2019/02/24,活跃(18)
D.I.D,2833324528,男,6年,2019/03/06,活跃(18)
oo/love,807787776,男,12年,2019/08/02,活跃(18)
,1486887300,男,9年,2019/08/07,活跃(18)
不想扮演逃兵o(∩_∩)o,75043395,男,18年,2017/10/13,活跃(17)
??breeze??,975726301,未知,11年,2019/06/18,活跃(17)
蓝色多瑙河,214155876,男,16年,2019/07/15,活跃(17)
壹发入魂,959683141,男,11年,2016/11/04,活跃(16)
思色空像,1176712385,男,9年,2019/05/22,活跃(16)
傻瓜，我是笨蛋～…,643698360,男,8年,2019/07/07,活跃(16)
阿猪?,1159711040,男,10年,2019/08/06,活跃(16)
,747308506,男,12年,2019/08/14,活跃(16)
跑赢你自己,2447925818,男,8年,2019/09/18,活跃(16)
森,913168497,男,9年,2017/10/03,活跃(15)
喜欢就去抢啊,652518954,男,11年,2019/01/24,活跃(15)
BEST_MOMO,1508613148,男,7年,2019/03/15,活跃(15)
杰哥,309720427,男,12年,2019/04/14,活跃(15)
木木,419001051,未知,10年,2019/06/22,活跃(15)
镜幻,673565949,未知,11年,2019/08/06,活跃(15)
沧,489591374,男,14年,2019/08/20,活跃(15)
木木,951982186,未知,10年,2016/11/28,活跃(14)
Grape,365781062,男,13年,2018/06/04,活跃(14)
晓,470238714,未知,14年,2018/12/11,活跃(14)
@世杰,164911085,男,11年,2019/05/18,活跃(14)
填空题Y,314103693,男,15年,2019/08/14,活跃(14)
hl,1094382186,男,9年,2019/08/18,活跃(14)
心碎シ跬邪,153725090,男,16年,2019/09/03,活跃(14)
∮龙在江湖∮,78717965,男,14年,2019/09/03,活跃(14)
蜗牛水里爬,36436270,男,18年,2016/07/21,活跃(13)
groot,466428636,男,11年,2019/06/25,活跃(13)
Y熊?先森a,176384582,男,17年,2019/08/14,活跃(13)
大仙宝宝,360337110,男,15年,2019/09/03,活跃(13)
Dominic,115585076,未知,17年,2019/09/06,活跃(13)
LZJ,670710696,男,13年,2019/09/09,活跃(13)
One,864279195,未知,12年,2019/09/24,活跃(13)
/wx浩聪,107014292,未知,17年,2018/11/30,活跃(12)
钟杰,283316826,未知,14年,2019/05/14,活跃(12)
天清地浊,596442958,未知,12年,2019/07/04,活跃(12)
3.14,744238018,男,11年,2019/08/11,活跃(12)
hd,77308982,男,18年,2019/06/24,活跃(11)
?,1977195725,男,7年,2019/07/07,活跃(11)
冷,2235649701,男,7年,2019/07/07,活跃(11)
平凡之路,602421756,男,11年,2019/07/29,活跃(11)
Fusong,920034000,男,11年,2019/03/06,活跃(10)
the?one,237549497,男,12年,2019/07/04,活跃(10)
AI?Deep?learning,935125578,未知,7年,2019/07/29,活跃(10)
Bambo,260621171,未知,9年,2019/08/06,活跃(10)
G,528351142,男,7年,2019/09/06,活跃(10)
小太阳,1072089839,未知,10年,2019/09/25,活跃(10)
如人饮水,1019799967,男,11年,2017/10/27,活跃(9)
Randy,9670257,男,18年,2018/06/11,活跃(9)
echo?$$,569133253,男,11年,2018/08/14,活跃(9)
因为有你〃,715130775,男,13年,2019/04/23,活跃(9)
Samir,1065183136,男,10年,2019/08/12,活跃(9)
上下,527872185,未知,14年,2019/08/22,活跃(9)
,646697479,男,7年,2019/08/23,活跃(9)
疯人院院长,1090785470,未知,10年,2019/08/29,活跃(9)
灯塔,497448669,男,14年,2016/06/27,活跃(8)
wilsonwong,554314337,未知,13年,2017/05/15,活跃(8)
Xinetd,945626585,男,9年,2017/09/04,活跃(8)
游骑兵,346461036,未知,13年,2017/09/07,活跃(8)
__新新,495880403,男,14年,2018/03/07,活跃(8)
Ykibx,978336847,女,9年,2018/11/30,活跃(8)
LI,369309026,男,9年,2018/12/21,活跃(8)
永不言败,602862011,未知,10年,2019/03/22,活跃(8)
Exception,3158710017,男,4年,2019/07/24,活跃(8)
冬哥,939582523,男,9年,2019/08/05,活跃(8)
何处停歇,949594783,未知,10年,2019/08/06,活跃(8)
Promise,736226136,男,10年,2019/09/10,活跃(8)
猴子?派来的逗比,422738815,男,13年,2019/09/11,活跃(8)
太君，我是萌萌,1661217065,未知,8年,2016/12/09,活跃(7)
麦兜小先生,1942625600,男,8年,2017/03/31,活跃(7)
安,337241905,男,11年,2018/04/17,活跃(7)
面笑江湖,1119249116,男,10年,2019/01/13,吐槽(7)
Error,952755777,未知,2年,2019/04/14,吐槽(7)
冲不开可乐瓶的可乐(),892805951,男,10年,2019/04/23,吐槽(7)
韩小贝,759522451,男,9年,2019/05/05,吐槽(7)
卜可,649381130,男,11年,2019/06/25,吐槽(7)
alex,1154424120,男,7年,2019/07/07,吐槽(7)
风萧萧,1633993519,男,7年,2019/07/07,吐槽(7)
say?goodbye,644735162,男,12年,2019/07/30,吐槽(7)
maho,710724443,男,10年,2019/07/31,吐槽(7)
爵罗,5148338,男,19年,2019/08/16,吐槽(7)
2-1-2,1533369843,未知,9年,2019/08/19,吐槽(7)
无法无天,350692554,男,14年,2019/08/21,吐槽(7)
111,348265499,男,14年,2019/08/28,吐槽(7)
脑夙k,2594810013,男,6年,2019/09/03,吐槽(7)
whereis,1499552846,男,8年,2019/09/04,吐槽(7)
溺水,506933626,男,12年,2019/09/05,吐槽(7)
林晓,522717138,男,14年,2019/09/11,吐槽(7)
张俭-急事电话,459045157,男,13年,2019/09/12,吐槽(7)
小丑,1016391058,男,11年,2019/09/18,吐槽(7)
先更新，再提交；,1063271662,未知,10年,2019/09/18,吐槽(7)
Leejean,15295821,未知,18年,2019/09/29,吐槽(7)
暗夜精灵,451918586,男,14年,2016/07/01,吐槽(6)
小脑斧,807332786,男,12年,2016/12/18,吐槽(6)
你是我是你~,862149646,未知,10年,2017/08/15,吐槽(6)
Nothing,591493873,男,10年,2017/09/13,吐槽(6)
热带鱼,690217983,男,12年,2017/10/01,吐槽(6)
Ops,343846702,男,14年,2017/10/23,吐槽(6)
r素年锦时e,331036048,男,14年,2018/04/14,吐槽(6)
传?|灬说,454665976,男,13年,2018/07/21,吐槽(6)
加耀,528741787,未知,9年,2018/10/19,吐槽(6)
云浮天际,741894872,男,11年,2018/12/11,吐槽(6)
耀月星辰,918079248,男,11年,2019/03/27,吐槽(6)
低调做人丿,498552027,男,10年,2019/03/30,吐槽(6)
朝林摆渡,461869141,男,14年,2019/04/27,吐槽(6)
xaon,909981159,男,11年,2019/06/03,吐槽(6)
?,413823375,男,10年,2019/06/14,吐槽(6)
?小灬傻灬瓜?,2385345185,男,7年,2019/07/11,吐槽(6)
演绎,1653140332,男,8年,2019/07/24,吐槽(6)
裂锦,1227202353,男,7年,2019/08/05,吐槽(6)
A???李佳欣,1142445797,女,10年,2019/08/07,吐槽(6)
Beryl,1006961772,男,10年,2019/08/18,吐槽(6)
执@可,373200360,男,10年,2019/08/18,吐槽(6)
博智星,252514017,男,9年,2019/08/21,吐槽(6)
像素8088,1051973784,男,11年,2019/08/30,吐槽(6)
刘海笑,673004708,男,10年,2019/09/06,吐槽(6)
♂????,214120886,未知,12年,2019/09/06,吐槽(6)
一言一午,1250957717,男,9年,2019/09/18,吐槽(6)
LR、阿然,446693337,男,5年,2019/09/18,吐槽(6)
Work--Simon?luo,1345255634,男,9年,2019/09/18,吐槽(6)
午夜做土匪,245072544,未知,13年,2019/09/21,吐槽(6)
p浠_;碣,631908416,男,11年,2019/09/22,吐槽(6)
简●爱,497617375,男,14年,2019/09/23,吐槽(6)
IT民工,397236494,男,14年,2019/09/24,吐槽(6)
良药苦口你蒙谁！,896485582,男,10年,2019/09/28,吐槽(6)
清风&&明月,4077651,未知,18年,2016/10/09,吐槽(5)
????范?二.?-（Soul）,292350862,男,13年,2017/03/13,吐槽(5)
象.B2T,4585751,男,18年,2017/05/02,吐槽(5)
sugar,1405792063,男,6年,2018/03/11,吐槽(5)
改名字你就不认识我了？,1055377632,男,10年,2018/05/14,吐槽(5)
??????,1250446374,男,10年,2018/06/28,吐槽(5)
方筅笙,573241012,男,13年,2018/07/14,吐槽(5)
n07H!ng~,609011485,男,12年,2018/08/14,吐槽(5)
@#￥！,2601852300,未知,1年,2018/09/05,吐槽(5)
星尘大海,175517359,男,17年,2019/03/27,吐槽(5)
??C、strive??,535669339,男,12年,2019/04/23,吐槽(5)
深潭翠鸟,827275345,女,11年,2019/05/14,吐槽(5)
听说你在这里,937996396,男,11年,2019/05/18,吐槽(5)
?…???????-?Χ?κερ,2054021,未知,18年,2019/06/03,吐槽(5)
依旧如初,1786586490,未知,8年,2019/07/07,吐槽(5)
散淡的人,125287055,男,14年,2019/07/07,吐槽(5)
嗯,811687152,男,10年,2019/07/29,吐槽(5)
有所向往,313273766,男,11年,2019/07/29,吐槽(5)
518716121101701090306,864905706,男,9年,2019/08/05,吐槽(5)
SUN,870391070,男,10年,2019/08/06,吐槽(5)
纸鸢,709914036,男,7年,2019/08/21,吐槽(5)
A,1846528203,男,5年,2019/08/28,吐槽(5)
安吉丽娜朱琳,175223324,男,17年,2019/09/01,吐槽(5)
Tota?????,214209334,未知,16年,2019/09/21,吐槽(5)
、M,1471992390,男,9年,2019/09/25,吐槽(5)
煮剑焚酒,1397257618,男,9年,2019/09/28,吐槽(5)
游侠,1871596222,男,8年,2019/09/28,吐槽(5)
新井诚,1303725817,男,9年,2016/11/20,吐槽(4)
打渔,839433015,男,10年,2018/08/14,吐槽(4)
2015,273601191,未知,10年,2018/10/26,吐槽(4)
梦游症患者,1003251646,未知,11年,2018/12/11,吐槽(4)
原始,1531810708,未知,9年,2019/01/24,吐槽(4)
三希堂,602145116,男,10年,2019/04/14,吐槽(4)
软件部-季超,553164289,男,12年,2019/05/14,吐槽(4)
小李,850126855,男,11年,2019/06/21,吐槽(4)
seth,875598751,未知,12年,2019/06/27,吐槽(4)
Forever丶,935140453,男,11年,2019/07/07,吐槽(4)
卡,1063957173,男,10年,2019/07/12,吐槽(4)
音速青年,473590,男,19年,2019/07/16,吐槽(4)
凌依,3433960865,未知,1年,2019/07/20,吐槽(4)
一叶,584119959,男,11年,2019/07/20,吐槽(4)
好梦频惊,359907964,男,10年,2019/07/20,吐槽(4)
卤,1826309,未知,19年,2019/07/26,吐槽(4)
微笑?扯疼了?→嘴角?,946915763,男,9年,2019/08/12,吐槽(4)
"""single""-聪",1054991235,未知,9年,2019/08/20,吐槽(4)
Sico秋,786899663,男,10年,2019/08/21,吐槽(4)
、不解释,245213065,男,12年,2019/08/27,吐槽(4)
..星,870473576,男,10年,2019/08/28,吐槽(4)
chungege_,862152929,男,9年,2019/08/29,吐槽(4)
Bのしiёぴé,85825239,男,14年,2019/08/30,吐槽(4)
mgu逗哥?/u°,740245452,男,12年,2019/09/01,吐槽(4)
ill.,49404110,男,18年,2019/09/02,吐槽(4)
习惯、就好,418024058,男,14年,2019/09/02,吐槽(4)
我在这里等你回来吃饭,450232219,男,13年,2019/09/05,吐槽(4)
LoLo,852510665,男,10年,2019/09/18,吐槽(4)
我+你,357523559,男,14年,2019/09/23,吐槽(4)
黑白灰,651906195,男,13年,2019/09/23,吐槽(4)
胡涛,121934766,男,12年,2019/09/26,吐槽(4)
?,164078133,未知,12年,2017/01/01,吐槽(3)
Jiny-Deng,350365189,男,15年,2017/06/07,吐槽(3)
MANOLO,672392292,未知,13年,2017/06/07,吐槽(3)
CBRLove,511270399,男,14年,2017/06/13,吐槽(3)
A??JJ,773872428,未知,11年,2017/09/18,吐槽(3)
|??S??V??I??P????|,493407148,男,11年,2017/10/10,吐槽(3)
玉逍遥,1448000853,未知,9年,2017/10/26,吐槽(3)
whcp,949396695,男,11年,2017/11/04,吐槽(3)
大头,357258180,男,15年,2017/11/14,吐槽(3)
don'tworrybehappy,945773511,男,11年,2018/04/14,吐槽(3)
迷茫的夜晚,250809677,男,15年,2018/04/19,吐槽(3)
退・忍,1007916121,男,9年,2018/07/03,吐槽(3)
321,1135184234,未知,10年,2018/07/16,吐槽(3)
jason,124114987,男,17年,2018/07/21,吐槽(3)
『水族』,50677811,未知,18年,2018/08/23,吐槽(3)
lalalala,742850414,未知,7年,2018/09/18,吐槽(3)
小不点,626108961,男,13年,2018/09/28,吐槽(3)
HH,565378270,男,12年,2018/10/10,吐槽(3)
断魂①箭,646305189,男,12年,2018/12/09,吐槽(3)
冯旭东,63436957,男,18年,2018/12/21,吐槽(3)
我心永恒,630674132,男,10年,2019/02/09,吐槽(3)
泡泡派,84283982,男,17年,2019/03/06,吐槽(3)
无极?,945095393,男,10年,2019/03/06,吐槽(3)
Yanliang,1033056118,男,10年,2019/03/22,吐槽(3)
Ken?Kaneki,954234253,未知,7年,2019/03/22,吐槽(3)
南方落,2350835860,男,6年,2019/03/27,冒泡(3)
soong,393569461,男,13年,2019/04/14,冒泡(3)
一棵小草,978237051,男,9年,2019/04/14,冒泡(3)
Top?Healer,445175571,男,7年,2019/04/14,冒泡(3)
u・Ж安o,470248547,男,14年,2019/04/15,冒泡(3)
骑猪喝咖啡,404766591,男,14年,2019/05/22,冒泡(3)
lvory,1038309341,男,11年,2019/05/28,冒泡(3)
paul,362374276,男,15年,2019/06/06,冒泡(3)
不会游泳的鱼,317105083,男,14年,2019/06/13,冒泡(3)
づ相识☆遇见℃,659501504,男,12年,2019/06/21,冒泡(3)
下一个世界,1139883552,未知,9年,2019/06/24,冒泡(3)
ET好用,891803675,未知,11年,2019/07/07,冒泡(3)
熊猫头,842115356,男,12年,2019/07/09,冒泡(3)
Justin,1656417806,男,9年,2019/07/11,冒泡(3)
吉姆,345348563,男,10年,2019/07/12,冒泡(3)
迷沁草,317069377,男,15年,2019/07/16,冒泡(3)
马艳云,775410336,男,11年,2019/07/17,冒泡(3)
狼牙,20082752,男,18年,2019/07/20,冒泡(3)
蓝天白云,1119278078,男,9年,2019/07/26,冒泡(3)
wowvwow,421510270,未知,13年,2019/07/29,冒泡(3)
会飞的小憨仔,997419667,男,10年,2019/08/05,冒泡(3)
、花Z的季},1322734677,男,9年,2019/08/11,冒泡(3)
淡如水的空间,598802631,男,12年,2019/08/18,冒泡(3)
小马,397535212,男,5年,2019/08/21,冒泡(3)
丿KID灬迷・寻,278021242,男,15年,2019/08/21,冒泡(3)
夜~会美,294041683,男,12年,2019/08/27,冒泡(3)
_,357968657,男,13年,2019/08/28,冒泡(3)
王朋,2521177215,男,7年,2019/08/28,冒泡(3)
刚子,25322576,男,17年,2019/08/30,冒泡(3)
庄,542758284,男,14年,2019/09/01,冒泡(3)
翅膀,182453482,男,16年,2019/09/04,冒泡(3)
poetryking,445839655,男,11年,2019/09/05,冒泡(3)
Jack,178060137,未知,11年,2019/09/05,冒泡(3)
跳跳敏,654572899,女,12年,2019/09/06,冒泡(3)
帷幕,1187989120,男,10年,2019/09/06,冒泡(3)
★溯&雪☆,6254625,男,18年,2019/09/06,冒泡(3)
残丶应龙,474048627,男,11年,2019/09/12,冒泡(3)
Aysen,122195562,男,14年,2019/09/18,冒泡(3)
二百斤的胖子,1207397185,男,10年,2019/09/18,冒泡(3)
孙廷,792918246,男,10年,2019/09/18,冒泡(3)
ya,876789072,未知,11年,2019/09/18,冒泡(3)
屺惴缜嵩频,544642965,未知,13年,2019/09/20,冒泡(3)
振翅飞翔,330529569,男,14年,2019/09/25,冒泡(3)
卢克,2098231069,男,0年,2019/09/25,冒泡(3)
烟花易冷,1573765790,男,9年,2019/09/25,冒泡(3)
啷哩啷,272834463,男,9年,2019/09/25,冒泡(3)
木子,251287206,男,15年,2019/09/28,冒泡(3)
snapshot,1335149737,男,9年,2019/09/28,冒泡(3)
南,983816,男,19年,2019/09/28,冒泡(3)
&逸清河,838199230,男,12年,2019/09/28,冒泡(3)
12.XX.XX-HK-ewring,16337305,男,18年,2019/09/28,冒泡(3)
星空物语,815789693,男,11年,2019/09/28,冒泡(3)
天马行空,271166974,男,15年,2019/09/29,冒泡(3)
A0-JacK,770948612,未知,10年,2019/09/29,冒泡(3)
wyy,578448100,未知,10年,2019/09/29,冒泡(3)
碎梦安然,1427784107,男,8年,2016/11/24,冒泡(2)
余生请多指教丶,313222319,男,15年,2017/08/17,冒泡(2)
这年头,531369044,男,14年,2017/09/26,冒泡(2)
Pen-Pineapple-Apple-Pen,1006351809,男,11年,2017/11/23,冒泡(2)
dgl,2457876902,男,8年,2017/12/07,冒泡(2)
Caruso,490779618,男,11年,2017/12/08,冒泡(2)
Sunshine???c?,494856845,男,13年,2018/01/05,冒泡(2)
将去将来,452855226,男,14年,2018/01/22,冒泡(2)
九思,1048095605,男,10年,2018/03/07,冒泡(2)
Ross,739303612,男,12年,2018/03/08,冒泡(2)
浣熊,357595427,男,15年,2018/05/25,冒泡(2)
Distance,1312028243,未知,9年,2018/05/30,冒泡(2)
沉睡的岳,345283969,男,12年,2018/06/07,冒泡(2)
落叶,904715872,男,12年,2018/06/11,冒泡(2)
丿?漂泊哥,2787301823,男,5年,2018/06/11,冒泡(2)
可道可,497980516,男,13年,2018/08/29,冒泡(2)
GW,1639684544,男,8年,2018/09/20,冒泡(2)
今日绫波明日香,1145185930,男,9年,2018/10/10,冒泡(2)
John,2322367383,男,6年,2018/10/10,冒泡(2)
Bendon,9534570,男,19年,2018/10/19,冒泡(2)
,996426693,未知,11年,2018/10/19,冒泡(2)
VEの渴,744092034,男,11年,2018/10/24,冒泡(2)
木然,1178880499,男,10年,2018/10/24,冒泡(2)
朝碧海、暮苍梧,1006081461,男,10年,2018/10/30,冒泡(2)
??━??,1846225041,男,8年,2018/12/11,冒泡(2)
.,1164727947,男,10年,2018/12/16,冒泡(2)
看你.醉红唇,1305496409,未知,9年,2019/01/13,冒泡(2)
一诺千金,1063797720,男,10年,2019/01/24,冒泡(2)
麾,2504871415,男,7年,2019/02/24,冒泡(2)
大数据可视化,821026668,男,12年,2019/02/24,冒泡(2)
longage,1752902756,男,7年,2019/03/15,冒泡(2)
鱼豆腐、,601923997,男,9年,2019/03/22,冒泡(2)
水伶庄,286752576,未知,15年,2019/04/14,冒泡(2)
静雅思听,614980448,未知,9年,2019/05/04,冒泡(2)
无解,2955651708,男,4年,2019/05/05,冒泡(2)
北海之北,497423815,男,10年,2019/05/12,冒泡(2)
陌,472025488,男,13年,2019/05/14,冒泡(2)
♂不知,125931470,未知,14年,2019/05/14,冒泡(2)
飞鱼q,1105709025,未知,10年,2019/05/22,冒泡(2)
Louis,191647974,男,16年,2019/06/06,冒泡(2)
Forever.,351849504,男,12年,2019/06/06,冒泡(2)
孤舟蓑笠翁,546581550,男,9年,2019/06/14,冒泡(2)
空城旧梦ぺ,810553413,男,12年,2019/06/21,冒泡(2)
名字被和谐了,718397543,男,12年,2019/06/25,冒泡(2)
哇吖呀嘿,1049975357,女,9年,2019/07/07,冒泡(2)
K,1169512944,男,9年,2019/07/07,冒泡(2)
剑雨飘雪,591262104,未知,13年,2019/07/07,冒泡(2)
求略,1292369127,男,7年,2019/07/11,冒泡(2)
派大星,1191073896,未知,9年,2019/07/11,冒泡(2)
＂ぺ大迷糊ぺ,847464757,未知,12年,2019/07/17,冒泡(2)
且听风吟,632932536,男,13年,2019/07/20,冒泡(2)
抓鼠猫,297538600,男,15年,2019/07/29,冒泡(2)
八戒de故事,673415568,男,10年,2019/07/31,冒泡(2)
linora,984513956,男,10年,2019/08/11,冒泡(2)
Future?is?Now,459673409,未知,14年,2019/08/14,冒泡(2)
阿呸,617015032,未知,11年,2019/08/21,冒泡(2)
时光@太瘦,1339570986,男,9年,2019/08/23,冒泡(2)
我乃罗刹街镇魂将,635944543,女,9年,2019/08/27,冒泡(2)
心随我动,377417049,男,11年,2019/08/28,冒泡(2)
阿钟,1289689965,男,9年,2019/08/31,冒泡(2)
刘三藏,179351273,男,17年,2019/08/31,冒泡(2)
林莉?,1032649008,男,11年,2019/09/03,冒泡(2)
。,773807943,未知,12年,2019/09/03,冒泡(2)
竹叶。,515789026,男,13年,2019/09/04,冒泡(2)
努力努力再努力！,847050412,未知,12年,2019/09/04,冒泡(2)
芮,541405895,未知,13年,2019/09/04,冒泡(2)
如明日好景,562382748,男,13年,2019/09/05,冒泡(2)
随→意￡hans,252323797,男,16年,2019/09/05,冒泡(2)
风云,12928101,男,19年,2019/09/05,冒泡(2)
ζ??爱壹の陈工☆,1447091989,男,9年,2019/09/05,冒泡(2)
Renz,328713040,未知,15年,2019/09/05,冒泡(2)
必有妖,565280542,男,9年,2019/09/06,冒泡(2)
风中叶,79049550,男,18年,2019/09/06,冒泡(2)
learn,825343623,未知,11年,2019/09/06,冒泡(2)
struggle?°挣扎,729352344,男,11年,2019/09/11,冒泡(2)
R.K,1502534146,男,8年,2019/09/16,冒泡(2)
…,1429020120,男,8年,2019/09/18,冒泡(2)
我^相信,903294806,男,12年,2019/09/18,冒泡(2)
橙子,305860294,男,12年,2019/09/18,冒泡(2)
反三角,2320206897,男,7年,2019/09/18,冒泡(2)
糖糖很甜,446829075,男,13年,2019/09/18,冒泡(2)
t☆妖、小孽s,1478240635,未知,6年,2019/09/18,冒泡(2)
AI?bula,1138606758,男,10年,2019/09/18,冒泡(2)
Singvis,815836441,未知,11年,2019/09/18,冒泡(2)
FantaSy,370354724,男,14年,2019/09/18,冒泡(2)
边远,1093607849,男,9年,2019/09/18,冒泡(2)
K。,791467568,男,12年,2019/09/19,冒泡(2)
姒asE,542694094,男,12年,2019/09/19,冒泡(2)
jacky,864631546,男,12年,2019/09/20,冒泡(2)
Freedom,819929470,男,11年,2019/09/20,冒泡(2)
～,820037947,男,10年,2019/09/23,冒泡(2)
Dean,308645550,男,15年,2019/09/24,冒泡(2)
?,710890775,未知,12年,2019/09/25,冒泡(2)
最近,974158162,女,11年,2019/09/25,冒泡(2)
丹尼,787577293,男,10年,2019/09/25,冒泡(2)
亦丶,634137063,男,8年,2019/09/25,冒泡(2)
XYZ,321871789,男,6年,2019/09/25,冒泡(2)
三千天下,1638524194,男,8年,2019/09/25,冒泡(2)
光梦,2798927005,男,4年,2019/09/25,冒泡(2)
中国云男,906278918,男,11年,2019/09/26,冒泡(2)
波。,1729244557,未知,6年,2019/09/28,冒泡(2)
游泳的鱼,554898573,男,12年,2019/09/28,冒泡(2)
彭于晏,2301477745,男,5年,2019/09/28,冒泡(2)
余味。,3058023150,女,5年,2019/09/28,冒泡(2)
风云,544839028,男,13年,2019/10/01,冒泡(2)
Captain,16771688,男,19年,2018/03/15,冒泡(1)
石头,283302410,未知,14年,2018/05/19,冒泡(1)
少年强,1017831500,男,9年,2018/06/11,冒泡(1)
成功的失败者?,2276282419,男,8年,2018/08/06,冒泡(1)
智浪淘沙,409786373,未知,14年,2018/09/28,冒泡(1)
樱空释,834580780,男,9年,2018/10/24,冒泡(1)
Edwin?Van?Der?Sar？,2507511047,男,8年,2019/02/09,冒泡(1)
◆碧海蓝冰★,287725121,男,15年,2019/02/24,冒泡(1)
Thomas?Ray,1164783032,男,10年,2019/03/22,冒泡(1)
WAITING,464091417,男,12年,2019/03/30,冒泡(1)
wgq,602996488,男,8年,2019/04/15,冒泡(1)
blackwing,461025412,男,6年,2019/04/23,冒泡(1)
tPale?smile,1547195154,女,8年,2019/06/03,冒泡(1)
?,1533870527,男,8年,2019/06/03,冒泡(1)
哈哈,21637392,男,17年,2019/06/24,冒泡(1)
??????????,1026905322,男,11年,2019/06/24,冒泡(1)
avazhouhong,3235569036,女,4年,2019/07/07,冒泡(1)
Jia,1832479990,男,7年,2019/07/07,冒泡(1)
cold,824673772,男,12年,2019/07/30,冒泡(1)
悠悠晚枫,20877893,男,19年,2019/09/10,冒泡(1)
cy.z,1213188997,男,10年,2019/09/19,冒泡(1)
别说,657633811,男,13年,2019/09/25,冒泡(1)
812745312,812745312,男,12年,2019/09/25,冒泡(1)
战胜自己,2927720415,女,6年,2019/09/28,冒泡(1)
水煮沉浮,42056821,男,17年,2019/09/29,冒泡(1)
HugoYang,47516009,男,18年,2015/11/09,潜水(0)
111111111111111111111111,366614580,男,13年,2015/11/09,潜水(0)
慕卿以真心,1154450981,未知,9年,2016/04/18,潜水(0)
普通人,1360848475,男,9年,2016/05/31,潜水(0)
混乱中的CY,1195021,男,19年,2016/06/03,潜水(0)
赵鹏鹏,1213605384,未知,8年,2016/06/06,潜水(0)
Parápluìe,15783167,男,17年,2016/06/22,潜水(0)
冲凉YO,350016339,男,13年,2016/07/28,潜水(0)
L~L,864592104,男,12年,2016/08/11,潜水(0)
,347887659,男,12年,2016/09/05,潜水(0)
霜天晓月,422601163,男,14年,2016/09/23,潜水(0)
念安,971982596,未知,10年,2016/09/23,潜水(0)
silence,284326417,男,9年,2016/09/29,潜水(0)
DoRequest,349646634,男,15年,2016/10/11,潜水(0)
星空,40138096,男,18年,2016/11/01,潜水(0)
K,669698083,男,12年,2016/11/08,潜水(0)
fan,284130129,男,14年,2016/11/12,潜水(0)
不给力瘦小子,8702511,男,18年,2016/11/14,潜水(0)
mikawudi,1015191873,男,11年,2016/12/01,潜水(0)
巨蟹座的忧郁,13325839,男,19年,2016/12/05,潜水(0)
Ants,273707977,男,15年,2016/12/16,潜水(0)
金玉°,423530903,未知,14年,2017/01/05,潜水(0)
兔崽子，想被揍啊！,983329158,未知,11年,2017/01/09,潜水(0)
,376148726,未知,13年,2017/01/10,潜水(0)
秋天的童话,243932069,未知,13年,2017/01/10,潜水(0)
htx,97028415,男,10年,2017/01/13,潜水(0)
凌飞羽,5033608,男,19年,2017/02/20,潜水(0)
felayman,669445029,未知,13年,2017/02/21,潜水(0)
GP,695396895,男,12年,2017/02/26,潜水(0)
have?fun,604176621,男,12年,2017/03/16,潜水(0)
≮仿晶¤恋≯,122061547,未知,17年,2017/03/23,潜水(0)
青春，奋斗,2544669318,未知,7年,2017/03/29,潜水(0)
那伊抹微笑,1042658081,男,10年,2017/03/31,潜水(0)
He,1325395330,男,9年,2017/04/01,潜水(0)
左脑右脑,260663700,男,12年,2017/04/14,潜水(0)
Stefli,3326848,男,19年,2017/04/25,潜水(0)
‖m^ャ瘾→,458553255,男,12年,2017/05/09,潜水(0)
杨子墨,645227841,未知,10年,2017/05/12,潜水(0)
生命之舟,409031406,男,15年,2017/05/12,潜水(0)
Tot?zien,245452485,男,13年,2017/05/17,潜水(0)
会飞的鱼℃…,154234293,未知,11年,2017/05/25,潜水(0)
简单才是真,443048756,男,13年,2017/05/25,潜水(0)
关外飞鹰,1096158396,男,9年,2017/05/25,潜水(0)
Ⅵザㄚè,136587440,未知,13年,2017/06/02,潜水(0)
25°,869276929,男,11年,2017/06/04,潜水(0)
编号41836,415378338,男,14年,2017/06/12,潜水(0)
阿楞,947972627,未知,11年,2017/06/13,潜水(0)
黎明,728805437,未知,12年,2017/06/13,潜水(0)
o,444210493,男,14年,2017/06/15,潜水(0)
^ǒ^金＆,358055631,男,14年,2017/06/20,潜水(0)
77353952,77353952,男,16年,2017/06/26,潜水(0)
teemo.mo,2363175757,男,7年,2017/06/28,潜水(0)
最后的slient,694380339,男,9年,2017/06/29,潜水(0)
刃,382653105,男,13年,2017/06/29,潜水(0)
Daz'DinGo,892364036,未知,11年,2017/07/12,潜水(0)
Connor,77666591,男,18年,2017/07/14,潜水(0)
我的电脑,1020333639,未知,10年,2017/07/18,潜水(0)
比目鱼,570862592,男,11年,2017/07/20,潜水(0)
李继聪,1974003640,男,8年,2017/08/03,潜水(0)
LYJ,460065325,男,13年,2017/08/09,潜水(0)
*],776313264,男,9年,2017/08/25,潜水(0)
王伟,396339194,男,15年,2017/08/25,潜水(0)
nOthing,415408642,男,15年,2017/09/06,潜水(0)
左手倒影,704780510,男,12年,2017/09/08,潜水(0)
哈哈,1967705642,男,8年,2017/09/13,潜水(0)
森林的炎火,1059653878,男,10年,2017/09/13,潜水(0)
载入中・・・,125456072,男,14年,2017/09/13,潜水(0)
醋瓶子、,547202455,男,13年,2017/09/25,潜水(0)
水花,376014243,男,13年,2017/10/02,潜水(0)
焖焖,517868925,男,14年,2017/10/10,潜水(0)
g灬T!GERt,345874660,男,15年,2017/10/12,潜水(0)
小白打BOSS,55548246,男,18年,2017/10/13,潜水(0)
一直在路上,514548977,男,12年,2017/10/13,潜水(0)
林初寒,1793360097,男,8年,2017/10/13,潜水(0)
低保户临时工卖肺,1703581,男,19年,2017/10/17,潜水(0)
Joe,29124037,男,17年,2017/10/18,潜水(0)
起风了,670873386,男,11年,2017/10/20,潜水(0)
二月鸟Provence,360929805,男,10年,2017/10/23,潜水(0)
枯木逢春,412940592,男,14年,2017/10/24,潜水(0)
Jacky?Liang,732131850,未知,10年,2017/10/24,潜水(0)
阿坑,1010059399,未知,10年,2017/10/27,潜水(0)
她°(*^?^),976889989,未知,10年,2017/10/29,潜水(0)
风飞,1322584972,未知,9年,2017/10/30,潜水(0)
★等待〓,22722356,未知,17年,2017/11/01,潜水(0)
赵顾,421776096,男,13年,2017/11/06,潜水(0)
紫冰之萧,564263820,未知,13年,2017/11/10,潜水(0)
天外天,446369399,男,12年,2017/11/11,潜水(0)
此时此刻,287110961,男,14年,2017/11/13,潜水(0)
倾听,779688446,男,10年,2017/11/15,潜水(0)
进哥哥,113354398,男,17年,2017/11/16,潜水(0)
Chaos,835375285,男,12年,2017/11/17,潜水(0)
*基点项目师*,6277193,男,18年,2017/11/20,潜水(0)
目的地,865742713,男,10年,2017/11/22,潜水(0)
心悦,785671299,男,12年,2017/11/23,潜水(0)
・,451690129,男,10年,2017/11/23,潜水(0)
中医门诊部,695222311,男,10年,2017/11/25,潜水(0)
_Ｓㄒ.秋メ空,289841352,男,11年,2017/11/26,潜水(0)
永不放弃,383635417,男,13年,2017/11/30,潜水(0)
tty,2273952771,男,8年,2017/12/04,潜水(0)
kkk,651006415,未知,13年,2017/12/07,潜水(0)
三哥,2196248264,男,6年,2017/12/07,潜水(0)
守护,1318735052,男,9年,2017/12/11,潜水(0)
在哪里？,1458054978,男,9年,2017/12/11,潜水(0)
观棋,522587553,未知,13年,2017/12/11,潜水(0)
,2443021234,未知,8年,2017/12/14,潜水(0)
没啥大不了,2234928093,男,7年,2017/12/14,潜水(0)
david,1315377399,男,9年,2017/12/15,潜水(0)
只属于...,366690712,男,13年,2017/12/18,潜水(0)
O_o,1216766146,男,10年,2017/12/25,潜水(0)
H,729282416,男,10年,2018/01/02,潜水(0)
熊思敏,1056204405,男,10年,2018/01/03,潜水(0)
zjc,511528863,男,14年,2018/01/04,潜水(0)
TryCatch,410153391,男,13年,2018/01/08,潜水(0)
IT'S?ME,568965775,未知,13年,2018/01/08,潜水(0)
RL,529230803,男,12年,2018/01/09,潜水(0)
喂，你好吗,1083077144,男,10年,2018/01/09,潜水(0)
FreeBSDly,441397227,男,14年,2018/01/09,潜水(0)
大猫君^_^,334873570,男,15年,2018/01/09,潜水(0)
Charley,990505152,未知,11年,2018/01/11,潜水(0)
做梦,1327153852,女,9年,2018/01/14,潜水(0)
alex,2209394481,未知,7年,2018/01/15,潜水(0)
吕梁军,394012149,未知,13年,2018/01/15,潜水(0)
星辰,573910619,男,12年,2018/01/17,潜水(0)
@　??━??,576364514,未知,12年,2018/01/20,潜水(0)
晓C,157939987,男,16年,2018/01/20,潜水(0)
Leon,1123809155,男,10年,2018/01/20,潜水(0)
驭风者,350783025,未知,14年,2018/01/23,潜水(0)
什么情况,1510983253,男,9年,2018/01/24,潜水(0)
553999969,553999969,未知,14年,2018/01/26,潜水(0)
?,996489706,男,10年,2018/01/29,潜水(0)
"凸b,男波万",386656286,男,12年,2018/02/02,潜水(0)
一、天,87127035,男,14年,2018/02/02,潜水(0)
灬◇Xu、漠然,649727779,男,12年,2018/02/02,潜水(0)
zhangya,526195417,男,14年,2018/02/02,潜水(0)
蓝雪狼,635855982,男,12年,2018/02/08,潜水(0)
踏步嘀兔纸,187265060,女,16年,2018/02/25,潜水(0)
字：三十三斤,804545016,未知,12年,2018/02/27,潜水(0)
ゎ.?温瞳b,2312199304,未知,8年,2018/02/27,潜水(0)
伍贰叁零,8974636,未知,19年,2018/03/04,潜水(0)
愁,379696420,女,15年,2018/03/07,潜水(0)
Marde,1421320187,女,7年,2018/03/07,潜水(0)
我为/zq狂,289108416,男,15年,2018/03/07,潜水(0)
笑着@难过,121295926,男,14年,2018/03/08,潜水(0)
小鱼仔,764224320,未知,12年,2018/03/11,潜水(0)
BLACK?MAMBA.,1138665328,男,10年,2018/03/15,潜水(0)
大布丁,1029718215,男,9年,2018/03/20,潜水(0)
寇寇寇先森,1025063342,男,10年,2018/03/22,潜水(0)
刚背兽,361641238,未知,10年,2018/03/22,潜水(0)
e抹不掉的尘埃g,307566671,男,13年,2018/03/22,潜水(0)
烟花易冷,574644403,男,12年,2018/03/22,潜水(0)
佛渡有缘人,1311887155,男,9年,2018/03/25,潜水(0)
工兵,491657963,未知,12年,2018/03/25,潜水(0)
箫湘梓,1205625251,男,8年,2018/04/01,潜水(0)
一个会犯错不完美的人,1530893482,未知,8年,2018/04/01,潜水(0)
Jiao?Husband,408426893,未知,15年,2018/04/01,潜水(0)
。。。,442145430,男,14年,2018/04/02,潜水(0)
?,1311511885,未知,9年,2018/04/02,潜水(0)
卡卡,2240930501,男,7年,2018/04/02,潜水(0)
......,475038507,男,13年,2018/04/10,潜水(0)
n??溪风.??e…,124138318,男,14年,2018/04/10,潜水(0)
了不起的盖茨比,573693104,男,9年,2018/04/16,潜水(0)
流年,372858845,男,14年,2018/04/16,潜水(0)
{宇?L信,200865862,男,11年,2018/04/17,潜水(0)
?nMos念,448362549,男,14年,2018/04/19,潜水(0)
HiJimmy,1499480564,男,9年,2018/04/19,潜水(0)
YANGBOSS,297169670,男,14年,2018/04/21,潜水(0)
小梏灬Pearl,1258014099,男,9年,2018/04/22,潜水(0)
静水流深,121971904,男,14年,2018/04/22,潜水(0)
想念°,806312211,男,5年,2018/04/22,潜水(0)
?,361660500,男,13年,2018/04/24,潜水(0)
L,276281680,未知,16年,2018/04/24,潜水(0)
－－,291718558,男,11年,2018/04/24,潜水(0)
bingo_919,403445064,男,13年,2018/04/24,潜水(0)
黄天麟,1064344315,男,10年,2018/04/26,潜水(0)
Leo?Jen、??,383927933,男,15年,2018/04/26,潜水(0)
心如止水,461351667,男,14年,2018/04/27,潜水(0)
燃,84795949,未知,14年,2018/05/08,潜水(0)
breeze,1421074724,男,9年,2018/05/08,潜水(0)
Jack,88224037,男,18年,2018/05/08,潜水(0)
米老虎?,281608214,男,14年,2018/05/14,潜水(0)
Waldeinsamkeit,702319579,男,12年,2018/05/14,潜水(0)
一路向阳,609994298,未知,11年,2018/05/14,潜水(0)
TaegeanS,1092517369,男,9年,2018/05/14,潜水(0)
期待幸福,171575158,未知,4年,2018/05/14,潜水(0)
云兮,1626666646,男,6年,2018/05/15,潜水(0)
王少锋,2961483998,男,3年,2018/05/15,潜水(0)
铃铛,434357931,男,12年,2018/05/17,潜水(0)
Tan_alpha,1928212168,男,5年,2018/05/19,潜水(0)
♂流氓兔子,271813143,未知,16年,2018/05/19,潜水(0)
King,214457604,男,16年,2018/05/19,潜水(0)
金牛小木鱼,640207814,未知,13年,2018/05/19,潜水(0)
奋斗熊,179699452,男,12年,2018/05/19,潜水(0)
啷啷&最坏,915498173,男,11年,2018/05/19,潜水(0)
qqqqqq,544398668,男,12年,2018/05/25,潜水(0)
南山下,1029111419,男,10年,2018/05/25,潜水(0)
奋斗的小青年、,171291143,男,9年,2018/05/25,潜水(0)
Every?Day,3246068556,男,4年,2018/05/27,潜水(0)
。阿迪的呆,1209715614,未知,10年,2018/05/27,潜水(0)
不知所畏???,1305315350,未知,9年,2018/05/27,潜水(0)
飞翔,707428600,男,11年,2018/05/27,潜水(0)
Private,75131056,男,14年,2018/05/27,潜水(0)
骑着火箭撵飞机,1798229270,未知,6年,2018/05/27,潜水(0)
普罗米修斯,1245714483,男,10年,2018/05/27,潜水(0)
kim,215115704,男,10年,2018/05/30,潜水(0)
南城北事,124359090,未知,14年,2018/05/30,潜水(0)
庸人自扰?,120911588,男,10年,2018/05/30,潜水(0)
余~,70215100,男,18年,2018/05/31,潜水(0)
！,1275455481,男,8年,2018/05/31,潜水(0)
Biu....,102309292,未知,8年,2018/05/31,潜水(0)
辉,279616891,未知,12年,2018/05/31,潜水(0)
WAWQ,771815876,男,12年,2018/05/31,潜水(0)
聂,965787365,男,9年,2018/05/31,潜水(0)
――乱、步,1051405081,男,11年,2018/06/04,潜水(0)
lql,593218366,男,12年,2018/06/04,潜水(0)
鱼小鱼,1438911345,男,6年,2018/06/05,潜水(0)
kL,706778513,男,9年,2018/06/07,潜水(0)
逝去的吉他,85653652,男,18年,2018/06/07,潜水(0)
骑蜗牛闯世界,121368094,男,17年,2018/06/07,潜水(0)
7天,1046003150,未知,10年,2018/06/11,潜水(0)
z2---112,3192888214,男,4年,2018/06/11,潜水(0)
习惯,529483093,男,12年,2018/06/13,潜水(0)
负片,739861264,未知,12年,2018/06/13,潜水(0)
王冠中,297697499,男,14年,2018/06/13,潜水(0)
风华正茂,627598295,男,11年,2018/06/19,潜水(0)
透笼街59号,201406007,未知,5年,2018/06/19,潜水(0)
^_^,292819692,男,12年,2018/06/19,潜水(0)
nㄨ患~深ㄨ????,446825995,未知,11年,2018/06/22,潜水(0)
Immature？,1299523926,未知,9年,2018/06/22,潜水(0)
“心”有所属,419513210,男,14年,2018/06/22,潜水(0)
华先生,347349587,男,4年,2018/06/22,潜水(0)
忠,1479827759,男,9年,2018/06/22,潜水(0)
凉介-,1137894004,男,10年,2018/06/28,潜水(0)
Tinscon,1017067016,未知,11年,2018/06/28,潜水(0)
Json,1308889830,男,8年,2018/06/28,潜水(0)
岁月催,281714895,男,12年,2018/07/03,潜水(0)
云晓天,858763133,男,10年,2018/07/03,潜水(0)
侯斌,1031248990,男,10年,2018/07/03,潜水(0)
Crud仔,542073396,男,13年,2018/07/03,潜水(0)
啊切,2924811900,未知,6年,2018/07/03,潜水(0)
超好吃的辣条,602943701,男,9年,2018/07/13,潜水(0)
风再起时,2696616968,男,6年,2018/07/14,潜水(0)
秀才.杨过,1738666388,男,8年,2018/07/14,潜水(0)
?,397530992,未知,14年,2018/07/14,潜水(0)
,1632126,未知,19年,2018/07/14,潜水(0)
Q,760051540,男,9年,2018/07/21,潜水(0)
━Start。平常心_,841809077,男,12年,2018/07/21,潜水(0)
奋斗中的钢子,1639670404,未知,8年,2018/07/24,潜水(0)
QQ小冰,754369677,男,11年,2018/07/24,潜水(0)
L．m.?g,287045858,未知,15年,2018/07/24,潜水(0)
吴晓冲,337362026,未知,12年,2018/07/24,潜水(0)
南城,76886049,未知,14年,2018/07/24,潜水(0)
□★/kuk,1121644742,男,10年,2018/07/24,潜水(0)
?笨孩n。,1016619674,男,11年,2018/07/29,潜水(0)
李杰,826547931,男,12年,2018/07/29,潜水(0)
孙伟,418531356,未知,15年,2018/08/01,潜水(0)
zoovin,1149956861,男,8年,2018/08/01,潜水(0)
我的电脑,308367648,男,10年,2018/08/06,潜水(0)
]Memory@loss[Chaos],1070181444,男,10年,2018/08/08,潜水(0)
空白。,1214106156,男,9年,2018/08/08,潜水(0)
有手好弦de,564196479,男,13年,2018/08/08,潜水(0)
化学反应,6278401,男,19年,2018/08/14,潜水(0)
带头大哥,17089582,未知,2年,2018/08/14,潜水(0)
路人乙,744802268,男,11年,2018/08/14,潜水(0)
力克╃,493887068,未知,12年,2018/08/14,潜水(0)
浮光掠影,1667701265,未知,9年,2018/08/14,潜水(0)
2018.06.06,1412463871,未知,9年,2018/08/14,潜水(0)
victory,317605499,未知,8年,2018/08/14,潜水(0)
流年丿似锦丶,1515249580,男,8年,2018/08/14,潜水(0)
"好想???""",1169579863,男,9年,2018/08/14,潜水(0)
丶,1942178862,男,8年,2018/08/14,潜水(0)
Memo?Zhang,49109890,男,18年,2018/08/14,潜水(0)
树,1324940197,男,9年,2018/08/14,潜水(0)
风居住的街道,1443564377,男,7年,2018/08/14,潜水(0)
小牛,1277904915,男,9年,2018/08/17,潜水(0)
史蒂芬库~李,58709461,未知,18年,2018/08/17,潜水(0)
bu忘初?，no改本色,418018032,男,13年,2018/08/17,潜水(0)
明天有雨,1439027062,男,8年,2018/08/17,潜水(0)
FINALFANTASY,948227209,女,10年,2018/08/17,潜水(0)
搜索爱好者-深圳,2243635624,未知,1年,2018/08/17,潜水(0)
富贵自然来????,441811842,男,10年,2018/08/17,潜水(0)
流浪者之歌,553319047,男,7年,2018/08/23,潜水(0)
我艾我佳,517876547,男,13年,2018/08/23,潜水(0)
?,1261389054,未知,9年,2018/08/23,潜水(0)
黎明,1571002896,男,8年,2018/08/23,潜水(0)
なさmihu,674612305,男,12年,2018/08/23,潜水(0)
小鱼,85127807,男,18年,2018/08/23,潜水(0)
Gibson,51223928,男,18年,2018/08/27,潜水(0)
我在这,1062871947,男,8年,2018/08/27,潜水(0)
阿飞,7158888,男,19年,2018/08/29,潜水(0)
絮,757629523,男,11年,2018/08/29,潜水(0)
nony,2195418737,男,4年,2018/08/29,潜水(0)
*,184758914,男,12年,2018/08/29,潜水(0)
罗加朋,1033985984,男,9年,2018/08/29,潜水(0)
越长大越孤单?,617129401,男,8年,2018/09/01,潜水(0)
Never?lose?hope,1321737735,未知,9年,2018/09/01,潜水(0)
猪也有理想,314759623,男,15年,2018/09/01,潜水(0)
哇,153099994,男,16年,2018/09/01,潜水(0)
Kang,852603159,男,11年,2018/09/01,潜水(0)
爱情防火墙,183530300,男,12年,2018/09/01,潜水(0)
TokTik,3148500246,男,3年,2018/09/03,潜水(0)
洋洋得?毅,3207486954,男,4年,2018/09/03,潜水(0)
663,379779819,未知,13年,2018/09/05,潜水(0)
DR.ZUO,1906869123,男,7年,2018/09/05,潜水(0)
擎天柱,2451034171,男,8年,2018/09/05,潜水(0)
怡之泉,421512647,男,13年,2018/09/05,潜水(0)
光ソ不暖,770896408,男,11年,2018/09/08,潜水(0)
不忘初心,2205439145,男,8年,2018/09/17,潜水(0)
、,2457743111,未知,7年,2018/09/17,潜水(0)
succ,1160727134,男,10年,2018/09/17,潜水(0)
战战如疯,449217002,男,12年,2018/09/17,潜水(0)
北京YY科技,78601991,男,18年,2018/09/17,潜水(0)
正义的小灰牛,171845144,男,17年,2018/09/17,潜水(0)
JAVA弑云,1192241892,未知,10年,2018/09/17,潜水(0)
altas,754767663,男,12年,2018/09/17,潜水(0)
再见理想,191513877,男,16年,2018/09/17,潜水(0)
确实比较男,380303318,男,12年,2018/09/17,潜水(0)
庄生晓梦,819071303,未知,10年,2018/09/17,潜水(0)
kenneth,171134500,男,17年,2018/09/17,潜水(0)
A2,860312084,未知,11年,2018/09/17,潜水(0)
寒石,366830352,未知,14年,2018/09/20,潜水(0)
☆◆${不赖你}◆,516345102,男,11年,2018/09/20,潜水(0)
weiking,740824688,未知,9年,2018/09/20,潜水(0)
希望e不灭,1481746137,男,9年,2018/09/20,潜水(0)
superman丶阿涛,2170931587,男,3年,2018/09/28,潜水(0)
七夜,410765448,男,13年,2018/09/28,潜水(0)
天佑,78126068,男,18年,2018/09/28,潜水(0)
雅各,406898096,男,13年,2018/09/28,潜水(0)
xiang,179708936,男,12年,2018/09/28,潜水(0)
加油！,1332948065,未知,9年,2018/09/28,潜水(0)
云梦君,1187086001,男,10年,2018/09/28,潜水(0)
g夜阑の朦胧ぁ,981055793,男,11年,2018/09/28,潜水(0)
Potter,604003214,男,9年,2018/09/28,潜水(0)
Lynn.?Xtreme,313725190,女,12年,2018/09/28,潜水(0)
寻,1152514517,男,7年,2018/09/28,潜水(0)
事在人为.,302913200,未知,11年,2018/09/28,潜水(0)
天道酬勤,1455307822,男,9年,2018/09/28,潜水(0)
左手边,232899160,男,15年,2018/09/28,潜水(0)
音啡?,303653981,男,15年,2018/09/28,潜水(0)
簟,496268609,男,14年,2018/09/28,潜水(0)
H,335830104,未知,12年,2018/10/01,潜水(0)
阴鸦,1337547531,未知,9年,2018/10/01,潜水(0)
招财进宝,603867815,男,11年,2018/10/01,潜水(0)
Face2Object,1240906622,男,1年,2018/10/01,潜水(0)
Minja_,553670130,男,14年,2018/10/01,潜水(0)
d-zero,1239376306,男,10年,2018/10/01,潜水(0)
.?.?.???…,853064534,未知,10年,2018/10/01,潜水(0)
小心篝火,27381248,未知,18年,2018/10/01,潜水(0)
廿,627040681,男,12年,2018/10/10,潜水(0)
毛毛虫de一生,1344178872,男,9年,2018/10/10,潜水(0)
ǐē`隐,838693920,男,12年,2018/10/10,潜水(0)
程序员之殇,304379376,男,3年,2018/10/10,潜水(0)
Ｓｏｌａ?x,610320681,男,9年,2018/10/10,潜水(0)
KK,1037759454,男,7年,2018/10/10,潜水(0)
丁威,624324735,男,13年,2018/10/10,潜水(0)
晓^_^晶,1104626556,女,4年,2018/10/19,潜水(0)
阿木,1031560925,男,11年,2018/10/19,潜水(0)
让周飞,1046339677,男,10年,2018/10/19,潜水(0)
79038828,79038828,男,18年,2018/10/19,潜水(0)
刘宇戈,1048828472,男,10年,2018/10/19,潜水(0)
せＤū,317827034,未知,14年,2018/10/19,潜水(0)
星辰,1293855300,未知,10年,2018/10/19,潜水(0)
Allen-Du,1120356901,男,10年,2018/10/19,潜水(0)
龙一,1037930435,未知,11年,2018/10/19,潜水(0)
浅黛微妆,347239140,女,11年,2018/10/19,潜水(0)
鹏程,262739490,男,16年,2018/10/19,潜水(0)
★Y?Prince、】,413920172,男,12年,2018/10/19,潜水(0)
阿蒙standby,649150080,男,12年,2018/10/19,潜水(0)
Vex,11239798,男,19年,2018/10/19,潜水(0)
,120715893,男,14年,2018/10/19,潜水(0)
zero,1191910384,未知,8年,2018/10/19,潜水(0)
@,1061778588,男,10年,2018/10/19,潜水(0)
战未来,695128005,男,5年,2018/10/19,潜水(0)
尘埃,1808422468,男,6年,2018/10/19,潜水(0)
Edwiinn,2684293096,男,7年,2018/10/19,潜水(0)
年轻人你还有梦想吗？,1121447814,未知,10年,2018/10/24,潜水(0)
young,903392738,男,11年,2018/10/24,潜水(0)
a?必兮相语つ,1668297649,男,8年,2018/10/24,潜水(0)
Lee,893220900,未知,11年,2018/10/24,潜水(0)
诺言,577376344,男,9年,2018/10/24,潜水(0)
Neo,1292101479,男,9年,2018/10/24,潜水(0)
小川,1403125476,男,8年,2018/10/24,潜水(0)
无语了,379831050,未知,13年,2018/10/24,潜水(0)
那谁、,2454786001,未知,8年,2018/10/24,潜水(0)
QQ小水,318102119,女,6年,2018/10/24,潜水(0)
macheski,1531260104,男,7年,2018/10/24,潜水(0)
Dark?Side.,203073943,未知,4年,2018/10/24,潜水(0)
阿喀琉斯之踵,903574732,未知,11年,2018/10/24,潜水(0)
Brady,284928224,男,14年,2018/10/24,潜水(0)
海,23466804,男,19年,2018/10/24,潜水(0)
不着调调的小脾气,852616797,男,10年,2018/10/26,潜水(0)
清泉,529865442,男,13年,2018/10/26,潜水(0)
旋转木马,275447010,未知,15年,2018/10/26,潜水(0)
Aloha,734333248,男,10年,2018/10/26,潜水(0)
Listen,1083116757,未知,9年,2018/10/26,潜水(0)
慧林-826-黄笔挺,2952610852,未知,5年,2018/10/26,潜水(0)
贝壳,181262901,男,16年,2018/10/26,潜水(0)
Landscape,843300836,男,12年,2018/10/30,潜水(0)
lshc,1248713444,男,10年,2018/10/30,潜水(0)
清,151744357,男,16年,2018/10/30,潜水(0)
曹丞相,714785937,男,8年,2018/10/30,潜水(0)
骑着蜗牛去太空,549261681,男,13年,2018/10/30,潜水(0)
Singin,1511099957,男,9年,2018/11/04,潜水(0)
fang,283449364,男,15年,2018/11/04,潜水(0)
苇杭之,1142675117,未知,10年,2018/11/04,潜水(0)
Shlpeng,21647415,男,18年,2018/11/04,潜水(0)
落夕,1061397953,男,10年,2018/11/04,潜水(0)
哈哈,1030056299,未知,11年,2018/11/04,潜水(0)
海上生明月°,1096164277,男,9年,2018/11/04,潜水(0)
风一样自由,908497242,男,11年,2018/11/04,潜水(0)
zy,369102294,男,15年,2018/11/04,潜水(0)
北落狮门,516597993,男,11年,2018/11/06,潜水(0)
咩咩...,469152909,男,14年,2018/11/06,潜水(0)
溢於言表,1051166584,男,11年,2018/11/06,潜水(0)
Badb0y,5117179,男,18年,2018/11/06,潜水(0)
☆♂金,491271951,未知,13年,2018/11/06,潜水(0)
roadFish,345631537,男,15年,2018/11/09,潜水(0)
随心,475077428,男,14年,2018/11/09,潜水(0)
风向仪,948143880,男,11年,2018/11/09,潜水(0)
陈俊业,794206822,男,12年,2018/11/09,潜水(0)
大胖子,317174808,男,15年,2018/11/09,潜水(0)
，，，,515931153,男,10年,2018/11/09,潜水(0)
大扣大鸣,365040604,男,13年,2018/11/09,潜水(0)
东东大魔王,540465036,男,13年,2018/11/10,潜水(0)
2012,2445067568,男,8年,2018/11/10,潜水(0)
Vn’hb,1073592836,男,10年,2018/11/14,潜水(0)
Answer,631848301,未知,13年,2018/11/14,潜水(0)
小旋风,173169254,男,12年,2018/11/14,潜水(0)
forward,1136871929,男,9年,2018/11/14,潜水(0)
〖旭日东升〗,2206602007,未知,8年,2018/11/15,潜水(0)
没有脚的鸟,823738147,男,12年,2018/11/15,潜水(0)
野马志,2368516574,男,7年,2018/11/15,潜水(0)
葫芦娃救爷爷,763449710,男,11年,2018/11/15,潜水(0)
Killer,1932879181,男,8年,2018/11/15,潜水(0)
99.9%???0KB/s,454739356,男,13年,2018/11/15,潜水(0)
,170239553,男,17年,2018/11/15,潜水(0)
BuGoNee,55847101,女,17年,2018/11/15,潜水(0)
游戏人生,923863841,未知,8年,2018/11/15,潜水(0)
梧桐树,30806876,男,17年,2018/11/15,潜水(0)
Silence,1173640606,男,10年,2018/11/20,潜水(0)
小笨牛,1217868470,男,10年,2018/11/21,潜水(0)
∵希望∴努力,346497984,男,15年,2018/11/25,潜水(0)
abc,854240709,女,12年,2018/11/25,潜水(0)
???李庆喜-,821970945,未知,12年,2018/11/25,潜水(0)
Zou,1217678022,男,10年,2018/11/25,潜水(0)
#,747780552,男,10年,2018/11/25,潜水(0)
土豆块,1225266526,男,10年,2018/11/30,潜水(0)
挽墨亦倾书,1094093213,男,10年,2018/11/30,潜水(0)
相对,100941348,男,9年,2018/11/30,潜水(0)
Mandriva,3326142862,未知,4年,2018/11/30,潜水(0)
牧童,1326252476,未知,9年,2018/11/30,潜水(0)
杨D,89217658,男,14年,2018/11/30,潜水(0)
甲鱼宝宝,1317665590,男,9年,2018/11/30,潜水(0)
滴滴哒滴哒滴滴,1421248409,男,9年,2018/11/30,潜水(0)
QuailOurs,253091287,男,15年,2018/11/30,潜水(0)
写代码的人,1405447492,男,9年,2018/11/30,潜水(0)
阿斯匹林,106688590,未知,17年,2018/11/30,潜水(0)
Jager?bomb,759605767,男,12年,2018/11/30,潜水(0)
狂奔的发际线,342200377,未知,10年,2018/11/30,潜水(0)
Alex,1140788816,男,10年,2018/11/30,潜水(0)
springfield,291949384,男,12年,2018/11/30,潜水(0)
小草,3290277932,男,2年,2018/11/30,潜水(0)
me,954368978,男,11年,2018/11/30,潜水(0)
雨好?,2660343555,男,7年,2018/11/30,潜水(0)
Happiness″,1319414778,男,9年,2018/12/02,潜水(0)
小超人,463195819,未知,14年,2018/12/09,潜水(0)
异乡人,136423119,男,13年,2018/12/09,潜水(0)
Marlin,1245211361,男,10年,2018/12/09,潜水(0)
泠影,1182769238,男,9年,2018/12/09,潜水(0)
清逸枫叶,554287092,男,11年,2018/12/09,潜水(0)
无主人生,78653899,男,14年,2018/12/09,潜水(0)
守望的四叶草,37492714,男,18年,2018/12/09,潜水(0)
无所谓,1570999323,未知,9年,2018/12/09,潜水(0)
走过的年华，终须淡漠,302973436,男,11年,2018/12/09,潜水(0)
攻城狮,251136964,男,12年,2018/12/09,潜水(0)
。,592772240,男,10年,2018/12/09,潜水(0)
周美玲,2585736258,女,8年,2018/12/11,潜水(0)
Forever,1032998173,男,11年,2018/12/11,潜水(0)
晚安,396175371,未知,12年,2018/12/11,潜水(0)
一缕阳光,584167535,男,12年,2018/12/11,潜水(0)
?诚笃e君¤子?,293576561,未知,13年,2018/12/11,潜水(0)
～尘曦～,1397506052,男,7年,2018/12/11,潜水(0)
MrHan琪・Dutchman&布立吞,877790406,女,12年,2018/12/12,潜水(0)
黯淡げ之光,770944480,男,12年,2018/12/12,潜水(0)
骑行天下,2363738188,男,8年,2018/12/12,潜水(0)
111111,2694964822,男,7年,2018/12/12,潜水(0)
我是谁,645474973,女,11年,2018/12/12,潜水(0)
有那么点,2956391678,女,4年,2018/12/12,潜水(0)
燕?云?乱,1529292878,女,9年,2018/12/12,潜水(0)
fuck?you,1820435510,男,7年,2018/12/12,潜水(0)
呵呵,1907963406,男,5年,2018/12/16,潜水(0)
孟子曰,441869115,男,12年,2018/12/16,潜水(0)
追梦人Mr.ZH,1011722201,男,11年,2018/12/16,潜水(0)
BF,446324285,未知,12年,2018/12/16,潜水(0)
HW,577453592,未知,9年,2018/12/16,潜水(0)
日月星辰,14538907,男,19年,2018/12/16,潜水(0)
站在山顶的人。,353071437,未知,13年,2018/12/21,潜水(0)
Silent,630596388,男,12年,2018/12/21,潜水(0)
legendary,351637078,男,12年,2018/12/21,潜水(0)
可爱欧巴?,1392321606,女,9年,2018/12/21,潜水(0)
唐朝汉,289569690,未知,14年,2018/12/21,潜水(0)
ACapricorno,2895887174,男,5年,2018/12/21,潜水(0)
兜?,258316673,男,16年,2018/12/21,潜水(0)
zg,1007599982,未知,9年,2018/12/21,潜水(0)
Sunny,824377901,未知,12年,2018/12/21,潜水(0)
逝水,249623439,男,15年,2018/12/21,潜水(0)
→_→,819698405,未知,11年,2018/12/21,潜水(0)
James?Zhou,1666464075,男,8年,2018/12/21,潜水(0)
xiao.luo,3060928836,男,4年,2018/12/21,潜水(0)
大象无形,657398050,男,11年,2018/12/21,潜水(0)
kelvin,479561839,男,12年,2018/12/21,潜水(0)
Hm,53746737,男,18年,2018/12/21,潜水(0)
S,542187569,女,13年,2018/12/21,潜水(0)
Rae:,1005270946,未知,11年,2018/12/21,潜水(0)
行走的ET,2223957793,男,8年,2018/12/21,潜水(0)
沙漠海鸥,403153213,男,14年,2018/12/21,潜水(0)
牛奶先森,1165979520,男,9年,2018/12/21,潜水(0)
null,342930411,男,10年,2018/12/21,潜水(0)
denghc,1215455601,男,10年,2019/01/01,潜水(0)
柳牧之,979040676,男,11年,2019/01/01,潜水(0)
yidun,3050149079,男,5年,2019/01/02,潜水(0)
白鹿路88号,2542291919,男,7年,2019/01/02,潜水(0)
Weirdo,943977573,男,11年,2019/01/02,潜水(0)
风随行,229344529,男,16年,2019/01/03,潜水(0)
夏天Alex,278635832,男,12年,2019/01/03,潜水(0)
狼之吻,642299904,男,12年,2019/01/03,潜水(0)
St,1032962558,未知,9年,2019/01/03,潜水(0)
气球,2632699904,男,6年,2019/01/03,潜水(0)
新,253824652,男,15年,2019/01/03,潜水(0)
张遥,1124826889,男,10年,2019/01/03,潜水(0)
汪浩浩,461561435,男,12年,2019/01/03,潜水(0)
如是而已,1720407931,男,4年,2019/01/03,潜水(0)
我一贱你就笑着说什么,1209725175,男,10年,2019/01/13,潜水(0)
王钦利,1078956079,男,10年,2019/01/13,潜水(0)
123456,769940378,男,12年,2019/01/13,潜水(0)
一颗滚石,2931115829,男,6年,2019/01/13,潜水(0)
Cribe,1340887296,男,9年,2019/01/13,潜水(0)
疯狂的绵羊(o_o),412604832,男,14年,2019/01/13,潜水(0)
Mr.C,1367768392,未知,9年,2019/01/13,潜水(0)
Start,1956668950,男,7年,2019/01/13,潜水(0)
龙在江湖,422796924,男,14年,2019/01/13,潜水(0)
Ainas,1873127869,男,6年,2019/01/13,潜水(0)
Octocat,410097245,男,14年,2019/01/13,潜水(0)
逆流沙,121403725,男,13年,2019/01/13,潜水(0)
RJ,836968386,未知,9年,2019/01/13,潜水(0)
Samson,510667757,未知,13年,2019/01/13,潜水(0)
O(∩_∩)O~~,570978097,男,11年,2019/01/13,潜水(0)
William.Cheung???,496013218,男,11年,2019/01/13,潜水(0)
"王彩霖,",825268388,男,9年,2019/01/13,潜水(0)
胡图图,377362116,男,11年,2019/01/13,潜水(0)
抄抄抄,470377859,男,13年,2019/01/13,潜水(0)
夏目银古,704364374,未知,11年,2019/01/13,潜水(0)
Jiani,584757450,男,13年,2019/01/13,潜水(0)
九月的海风,562280454,男,14年,2019/01/13,潜水(0)
better?man,642866868,男,13年,2019/01/13,潜水(0)
My_Smart,1045660655,未知,11年,2019/01/13,潜水(0)
丶R,1477732,男,17年,2019/01/13,潜水(0)
格?子,1301139076,男,9年,2019/01/13,潜水(0)
橙子,1031653788,男,11年,2019/01/13,潜水(0)
你在和我说吗？,1454990729,男,9年,2019/01/13,潜水(0)
小菜,1061209307,男,9年,2019/01/13,潜水(0)
H,710758088,男,9年,2019/01/13,潜水(0)
Tiddar,1124206990,男,9年,2019/01/13,潜水(0)
hyperblue,511823180,男,13年,2019/01/13,潜水(0)
viva?la?vida,744174937,男,11年,2019/01/13,潜水(0)
Silence,389638406,男,12年,2019/01/16,潜水(0)
年,1030299751,男,10年,2019/01/16,潜水(0)
Henry,525694527,女,14年,2019/01/16,潜水(0)
&nbsp；,1271542981,男,8年,2019/01/16,潜水(0)
梦里梦到醒不来的梦,1592703412,男,8年,2019/01/16,潜水(0)
Senor,1533287365,未知,7年,2019/01/24,潜水(0)
Lj,983436909,男,11年,2019/01/24,潜水(0)
Upskyou,83048460,男,18年,2019/01/24,潜水(0)
白天不懂夜的黑,980697938,男,11年,2019/01/24,潜水(0)
Joe,944099051,男,11年,2019/01/24,潜水(0)
破晓?b,576945616,男,10年,2019/01/24,潜水(0)
不瘦不穿超短裤,1208351236,女,10年,2019/01/24,潜水(0)
rollback,251831888,未知,11年,2019/01/24,潜水(0)
在路上,986495818,未知,9年,2019/01/24,潜水(0)
ZHENGNVI,1550186371,男,9年,2019/01/24,潜水(0)
im,971965068,未知,11年,2019/01/24,潜水(0)
风*雨,1213987842,男,10年,2019/01/24,潜水(0)
猪都笑了。,703536257,未知,12年,2019/01/24,潜水(0)
活在当下,549615081,男,13年,2019/01/24,潜水(0)
┣╃Moon╆┅,121645210,男,17年,2019/01/24,潜水(0)
风雨无阻,326167121,男,9年,2019/01/24,潜水(0)
摇摆的老妖、,277967174,男,14年,2019/01/24,潜水(0)
明月清风,1366235430,男,8年,2019/01/24,潜水(0)
轩,245684715,未知,13年,2019/02/09,潜水(0)
Rui.Xu,286677532,男,15年,2019/02/09,潜水(0)
me,1021692693,男,9年,2019/02/09,潜水(0)
阿胜,1097905802,男,10年,2019/02/09,潜水(0)
咩叽,404759692,未知,14年,2019/02/09,潜水(0)
如此生活,523815375,男,12年,2019/02/09,潜水(0)
脖子之主,932828187,男,11年,2019/02/09,潜水(0)
柳暗花明,879008583,未知,9年,2019/02/09,潜水(0)
幸福硪给睨,1137498302,男,10年,2019/02/12,潜水(0)
战??绝,732735734,男,9年,2019/02/12,潜水(0)
Hey，秋,563539251,男,13年,2019/02/14,潜水(0)
~V~,544053827,男,12年,2019/02/14,潜水(0)
echo,505252216,男,13年,2019/02/22,潜水(0)
无言以对,1014126299,未知,11年,2019/02/24,潜水(0)
无奈无耐,408153302,男,10年,2019/02/24,潜水(0)
拓・°☆,56958304,未知,18年,2019/02/24,潜水(0)
征途,893493975,未知,11年,2019/02/24,潜水(0)
deer,842277702,男,11年,2019/02/24,潜水(0)
flight?of?time,438087241,男,12年,2019/02/24,潜水(0)
林琛毅-纳网科技,2355211672,未知,2年,2019/02/24,潜水(0)
?n??????柠檬不萌,1554382111,男,7年,2019/02/24,潜水(0)
不如吃茶去,243560834,男,13年,2019/02/24,潜水(0)
成员,QQ号,性别,Q龄,入群时间,最后发言
宝哥,976692466,男,10年,2015/11/05,冒泡(2)
小静老师,3178001965,未知,4年,2015/11/07,传说(844)
白菜,946316220,男,10年,2016/11/02,传说(516)
=.=!!!?颠蚊,119529036,未知,17年,2016/06/04,传说(210)
峡谷金桥,258302687,未知,16年,2016/05/09,潜水(0)
灰太狼,309146013,男,15年,2016/10/21,潜水(0)
风中奇缘,76222608,男,18年,2017/02/16,潜水(0)
Brian,137956802,男,12年,2019/07/12,传说(516)
小飞乡,372422201,男,15年,2016/06/26,传说(486)
不忘初心,3286819429,男,4年,2018/11/06,传说(322)
路西菲尔,409175215,男,14年,2018/07/14,传说(219)
沫之夏,571930699,男,10年,2019/04/27,传说(151)
Zpl-@・林,360737395,男,15年,2016/06/27,传说(123)
Arsenic_,843353160,男,12年,2019/07/31,传说(122)
。。。,2450741440,男,7年,2018/11/14,传说(97)
LSY,1174928874,未知,9年,2019/02/09,传说(80)
Y虚实??憧憬〃,1042310705,未知,11年,2019/05/05,传说(76)
TheAPICaller,317848010,男,10年,2019/06/13,唠叨(75)
阳阳,398362434,男,14年,2018/08/14,唠叨(61)
浩炎飞云,752819242,男,12年,2019/07/25,唠叨(61)
______心丶,378909613,男,14年,2016/11/04,唠叨(60)
Picksun,441494750,男,14年,2018/08/14,唠叨(59)
Frozen.Blue,394366290,男,10年,2019/06/24,唠叨(59)
.,863913872,男,10年,2019/06/18,唠叨(57)
高,934127319,男,9年,2017/08/07,唠叨(56)
有何不可,1028647697,男,10年,2019/06/14,唠叨(53)
t??や★盛行★や??s,1018488788,男,11年,2019/05/28,唠叨(49)
┾弑┡ē月,490363979,未知,12年,2019/07/25,唠叨(44)
一切都会好起来,1742035756,男,8年,2019/07/01,唠叨(42)
-牵着┑摹嶙羰,282263179,男,12年,2019/04/14,唠叨(41)
oО珍￡惜√,470675057,男,14年,2019/07/03,唠叨(40)
心比柠檬甜！,1065677420,男,8年,2018/08/14,唠叨(39)
Shan,981240760,男,11年,2018/07/13,唠叨(38)
HAPPY,1196066698,男,10年,2019/08/05,唠叨(37)
jagger,1336098842,男,9年,2018/08/17,唠叨(36)
2547956050,2547956050,男,7年,2019/05/14,唠叨(36)
海浪,276762710,男,16年,2019/07/23,唠叨(35)
?,297013849,未知,15年,2018/10/24,唠叨(34)
远方,1198739880,男,10年,2019/07/07,唠叨(34)
奔跑的羊,43298511,未知,17年,2019/06/06,唠叨(33)
wy-しovё???9、Steven,646723978,男,8年,2019/04/23,唠叨(32)
困难群众,1692667299,男,7年,2019/08/21,唠叨(32)
丶??????范范范范,1017006479,男,11年,2018/04/02,唠叨(30)
哈哈哈哈,478463980,男,11年,2018/09/05,唠叨(30)
?~?~?~,1751025821,男,7年,2019/05/05,唠叨(30)
[?????/fch?悔?],379839355,男,14年,2019/06/18,唠叨(29)
D???大个子,2049148764,男,5年,2019/08/28,唠叨(29)
MisterLi,2313431044,男,7年,2019/01/24,唠叨(28)
K,446870567,男,14年,2019/05/14,唠叨(28)
??腿?ㄒéи??生??疼?,869688737,男,10年,2019/07/18,活跃(26)
-超人/kuk,348639096,男,15年,2019/08/14,活跃(26)
Andy.z,601318174,男,13年,2019/07/17,活跃(24)
哀伤指尖流淌,1358302913,男,9年,2019/01/24,活跃(23)
瓦尔登湖畔,964747264,未知,10年,2019/08/05,活跃(23)
S,1126004232,男,10年,2019/09/05,活跃(23)
不尽长江滚滚来,3224948074,男,3年,2019/07/07,活跃(22)
星辰,858972717,男,10年,2019/07/30,活跃(22)
镜,695804684,男,12年,2019/06/03,活跃(21)
????,121485915,男,10年,2019/08/05,活跃(21)
墨染宣纸,156328785,男,11年,2019/06/21,活跃(20)
Saber,921289409,男,11年,2019/07/02,活跃(20)
ldd,1157136367,男,10年,2019/07/04,活跃(20)
岁月如梭,2791978257,男,5年,2019/07/24,活跃(20)
zxc,807158838,男,12年,2019/07/29,活跃(20)
惊艳了时光,601461129,男,12年,2019/08/08,活跃(20)
江湖里的小精灵,624945283,女,13年,2019/08/08,活跃(20)
*Д一丨丿丶]?ёдё,2352829321,男,6年,2018/11/10,活跃(18)
小莫,1842577681,男,7年,2019/02/24,活跃(18)
D.I.D,2833324528,男,6年,2019/03/06,活跃(18)
oo/love,807787776,男,12年,2019/08/02,活跃(18)
,1486887300,男,9年,2019/08/07,活跃(18)
不想扮演逃兵o(∩_∩)o,75043395,男,18年,2017/10/13,活跃(17)
??breeze??,975726301,未知,11年,2019/06/18,活跃(17)
蓝色多瑙河,214155876,男,16年,2019/07/15,活跃(17)
壹发入魂,959683141,男,11年,2016/11/04,活跃(16)
思色空像,1176712385,男,9年,2019/05/22,活跃(16)
傻瓜，我是笨蛋～…,643698360,男,8年,2019/07/07,活跃(16)
阿猪?,1159711040,男,10年,2019/08/06,活跃(16)
,747308506,男,12年,2019/08/14,活跃(16)
跑赢你自己,2447925818,男,8年,2019/09/18,活跃(16)
森,913168497,男,9年,2017/10/03,活跃(15)
喜欢就去抢啊,652518954,男,11年,2019/01/24,活跃(15)
BEST_MOMO,1508613148,男,7年,2019/03/15,活跃(15)
杰哥,309720427,男,12年,2019/04/14,活跃(15)
木木,419001051,未知,10年,2019/06/22,活跃(15)
镜幻,673565949,未知,11年,2019/08/06,活跃(15)
沧,489591374,男,14年,2019/08/20,活跃(15)
木木,951982186,未知,10年,2016/11/28,活跃(14)
Grape,365781062,男,13年,2018/06/04,活跃(14)
晓,470238714,未知,14年,2018/12/11,活跃(14)
@世杰,164911085,男,11年,2019/05/18,活跃(14)
填空题Y,314103693,男,15年,2019/08/14,活跃(14)
hl,1094382186,男,9年,2019/08/18,活跃(14)
心碎シ跬邪,153725090,男,16年,2019/09/03,活跃(14)
∮龙在江湖∮,78717965,男,14年,2019/09/03,活跃(14)
蜗牛水里爬,36436270,男,18年,2016/07/21,活跃(13)
groot,466428636,男,11年,2019/06/25,活跃(13)
Y熊?先森a,176384582,男,17年,2019/08/14,活跃(13)
大仙宝宝,360337110,男,15年,2019/09/03,活跃(13)
Dominic,115585076,未知,17年,2019/09/06,活跃(13)
LZJ,670710696,男,13年,2019/09/09,活跃(13)
One,864279195,未知,12年,2019/09/24,活跃(13)
/wx浩聪,107014292,未知,17年,2018/11/30,活跃(12)
钟杰,283316826,未知,14年,2019/05/14,活跃(12)
天清地浊,596442958,未知,12年,2019/07/04,活跃(12)
3.14,744238018,男,11年,2019/08/11,活跃(12)
hd,77308982,男,18年,2019/06/24,活跃(11)
?,1977195725,男,7年,2019/07/07,活跃(11)
冷,2235649701,男,7年,2019/07/07,活跃(11)
平凡之路,602421756,男,11年,2019/07/29,活跃(11)
Fusong,920034000,男,11年,2019/03/06,活跃(10)
the?one,237549497,男,12年,2019/07/04,活跃(10)
AI?Deep?learning,935125578,未知,7年,2019/07/29,活跃(10)
Bambo,260621171,未知,9年,2019/08/06,活跃(10)
G,528351142,男,7年,2019/09/06,活跃(10)
小太阳,1072089839,未知,10年,2019/09/25,活跃(10)
如人饮水,1019799967,男,11年,2017/10/27,活跃(9)
Randy,9670257,男,18年,2018/06/11,活跃(9)
echo?$$,569133253,男,11年,2018/08/14,活跃(9)
因为有你〃,715130775,男,13年,2019/04/23,活跃(9)
Samir,1065183136,男,10年,2019/08/12,活跃(9)
上下,527872185,未知,14年,2019/08/22,活跃(9)
,646697479,男,7年,2019/08/23,活跃(9)
疯人院院长,1090785470,未知,10年,2019/08/29,活跃(9)
灯塔,497448669,男,14年,2016/06/27,活跃(8)
wilsonwong,554314337,未知,13年,2017/05/15,活跃(8)
Xinetd,945626585,男,9年,2017/09/04,活跃(8)
游骑兵,346461036,未知,13年,2017/09/07,活跃(8)
__新新,495880403,男,14年,2018/03/07,活跃(8)
Ykibx,978336847,女,9年,2018/11/30,活跃(8)
LI,369309026,男,9年,2018/12/21,活跃(8)
永不言败,602862011,未知,10年,2019/03/22,活跃(8)
Exception,3158710017,男,4年,2019/07/24,活跃(8)
冬哥,939582523,男,9年,2019/08/05,活跃(8)
何处停歇,949594783,未知,10年,2019/08/06,活跃(8)
Promise,736226136,男,10年,2019/09/10,活跃(8)
猴子?派来的逗比,422738815,男,13年,2019/09/11,活跃(8)
太君，我是萌萌,1661217065,未知,8年,2016/12/09,活跃(7)
麦兜小先生,1942625600,男,8年,2017/03/31,活跃(7)
安,337241905,男,11年,2018/04/17,活跃(7)
面笑江湖,1119249116,男,10年,2019/01/13,吐槽(7)
Error,952755777,未知,2年,2019/04/14,吐槽(7)
冲不开可乐瓶的可乐(),892805951,男,10年,2019/04/23,吐槽(7)
韩小贝,759522451,男,9年,2019/05/05,吐槽(7)
卜可,649381130,男,11年,2019/06/25,吐槽(7)
alex,1154424120,男,7年,2019/07/07,吐槽(7)
风萧萧,1633993519,男,7年,2019/07/07,吐槽(7)
say?goodbye,644735162,男,12年,2019/07/30,吐槽(7)
maho,710724443,男,10年,2019/07/31,吐槽(7)
爵罗,5148338,男,19年,2019/08/16,吐槽(7)
2-1-2,1533369843,未知,9年,2019/08/19,吐槽(7)
无法无天,350692554,男,14年,2019/08/21,吐槽(7)
111,348265499,男,14年,2019/08/28,吐槽(7)
脑夙k,2594810013,男,6年,2019/09/03,吐槽(7)
whereis,1499552846,男,8年,2019/09/04,吐槽(7)
溺水,506933626,男,12年,2019/09/05,吐槽(7)
林晓,522717138,男,14年,2019/09/11,吐槽(7)
张俭-急事电话,459045157,男,13年,2019/09/12,吐槽(7)
小丑,1016391058,男,11年,2019/09/18,吐槽(7)
先更新，再提交；,1063271662,未知,10年,2019/09/18,吐槽(7)
Leejean,15295821,未知,18年,2019/09/29,吐槽(7)
暗夜精灵,451918586,男,14年,2016/07/01,吐槽(6)
小脑斧,807332786,男,12年,2016/12/18,吐槽(6)
你是我是你~,862149646,未知,10年,2017/08/15,吐槽(6)
Nothing,591493873,男,10年,2017/09/13,吐槽(6)
热带鱼,690217983,男,12年,2017/10/01,吐槽(6)
Ops,343846702,男,14年,2017/10/23,吐槽(6)
r素年锦时e,331036048,男,14年,2018/04/14,吐槽(6)
传?|灬说,454665976,男,13年,2018/07/21,吐槽(6)
加耀,528741787,未知,9年,2018/10/19,吐槽(6)
云浮天际,741894872,男,11年,2018/12/11,吐槽(6)
耀月星辰,918079248,男,11年,2019/03/27,吐槽(6)
低调做人丿,498552027,男,10年,2019/03/30,吐槽(6)
朝林摆渡,461869141,男,14年,2019/04/27,吐槽(6)
xaon,909981159,男,11年,2019/06/03,吐槽(6)
?,413823375,男,10年,2019/06/14,吐槽(6)
?小灬傻灬瓜?,2385345185,男,7年,2019/07/11,吐槽(6)
演绎,1653140332,男,8年,2019/07/24,吐槽(6)
裂锦,1227202353,男,7年,2019/08/05,吐槽(6)
A???李佳欣,1142445797,女,10年,2019/08/07,吐槽(6)
Beryl,1006961772,男,10年,2019/08/18,吐槽(6)
执@可,373200360,男,10年,2019/08/18,吐槽(6)
博智星,252514017,男,9年,2019/08/21,吐槽(6)
像素8088,1051973784,男,11年,2019/08/30,吐槽(6)
刘海笑,673004708,男,10年,2019/09/06,吐槽(6)
♂????,214120886,未知,12年,2019/09/06,吐槽(6)
一言一午,1250957717,男,9年,2019/09/18,吐槽(6)
LR、阿然,446693337,男,5年,2019/09/18,吐槽(6)
Work--Simon?luo,1345255634,男,9年,2019/09/18,吐槽(6)
午夜做土匪,245072544,未知,13年,2019/09/21,吐槽(6)
p浠_;碣,631908416,男,11年,2019/09/22,吐槽(6)
简●爱,497617375,男,14年,2019/09/23,吐槽(6)
IT民工,397236494,男,14年,2019/09/24,吐槽(6)
良药苦口你蒙谁！,896485582,男,10年,2019/09/28,吐槽(6)
清风&&明月,4077651,未知,18年,2016/10/09,吐槽(5)
????范?二.?-（Soul）,292350862,男,13年,2017/03/13,吐槽(5)
象.B2T,4585751,男,18年,2017/05/02,吐槽(5)
sugar,1405792063,男,6年,2018/03/11,吐槽(5)
改名字你就不认识我了？,1055377632,男,10年,2018/05/14,吐槽(5)
??????,1250446374,男,10年,2018/06/28,吐槽(5)
方筅笙,573241012,男,13年,2018/07/14,吐槽(5)
n07H!ng~,609011485,男,12年,2018/08/14,吐槽(5)
@#￥！,2601852300,未知,1年,2018/09/05,吐槽(5)
星尘大海,175517359,男,17年,2019/03/27,吐槽(5)
??C、strive??,535669339,男,12年,2019/04/23,吐槽(5)
深潭翠鸟,827275345,女,11年,2019/05/14,吐槽(5)
听说你在这里,937996396,男,11年,2019/05/18,吐槽(5)
?…???????-?Χ?κερ,2054021,未知,18年,2019/06/03,吐槽(5)
依旧如初,1786586490,未知,8年,2019/07/07,吐槽(5)
散淡的人,125287055,男,14年,2019/07/07,吐槽(5)
嗯,811687152,男,10年,2019/07/29,吐槽(5)
有所向往,313273766,男,11年,2019/07/29,吐槽(5)
518716121101701090306,864905706,男,9年,2019/08/05,吐槽(5)
SUN,870391070,男,10年,2019/08/06,吐槽(5)
纸鸢,709914036,男,7年,2019/08/21,吐槽(5)
A,1846528203,男,5年,2019/08/28,吐槽(5)
安吉丽娜朱琳,175223324,男,17年,2019/09/01,吐槽(5)
Tota?????,214209334,未知,16年,2019/09/21,吐槽(5)
、M,1471992390,男,9年,2019/09/25,吐槽(5)
煮剑焚酒,1397257618,男,9年,2019/09/28,吐槽(5)
游侠,1871596222,男,8年,2019/09/28,吐槽(5)
新井诚,1303725817,男,9年,2016/11/20,吐槽(4)
打渔,839433015,男,10年,2018/08/14,吐槽(4)
2015,273601191,未知,10年,2018/10/26,吐槽(4)
梦游症患者,1003251646,未知,11年,2018/12/11,吐槽(4)
原始,1531810708,未知,9年,2019/01/24,吐槽(4)
三希堂,602145116,男,10年,2019/04/14,吐槽(4)
软件部-季超,553164289,男,12年,2019/05/14,吐槽(4)
小李,850126855,男,11年,2019/06/21,吐槽(4)
seth,875598751,未知,12年,2019/06/27,吐槽(4)
Forever丶,935140453,男,11年,2019/07/07,吐槽(4)
卡,1063957173,男,10年,2019/07/12,吐槽(4)
音速青年,473590,男,19年,2019/07/16,吐槽(4)
凌依,3433960865,未知,1年,2019/07/20,吐槽(4)
一叶,584119959,男,11年,2019/07/20,吐槽(4)
好梦频惊,359907964,男,10年,2019/07/20,吐槽(4)
卤,1826309,未知,19年,2019/07/26,吐槽(4)
微笑?扯疼了?→嘴角?,946915763,男,9年,2019/08/12,吐槽(4)
"""single""-聪",1054991235,未知,9年,2019/08/20,吐槽(4)
Sico秋,786899663,男,10年,2019/08/21,吐槽(4)
、不解释,245213065,男,12年,2019/08/27,吐槽(4)
..星,870473576,男,10年,2019/08/28,吐槽(4)
chungege_,862152929,男,9年,2019/08/29,吐槽(4)
Bのしiёぴé,85825239,男,14年,2019/08/30,吐槽(4)
mgu逗哥?/u°,740245452,男,12年,2019/09/01,吐槽(4)
ill.,49404110,男,18年,2019/09/02,吐槽(4)
习惯、就好,418024058,男,14年,2019/09/02,吐槽(4)
我在这里等你回来吃饭,450232219,男,13年,2019/09/05,吐槽(4)
LoLo,852510665,男,10年,2019/09/18,吐槽(4)
我+你,357523559,男,14年,2019/09/23,吐槽(4)
黑白灰,651906195,男,13年,2019/09/23,吐槽(4)
胡涛,121934766,男,12年,2019/09/26,吐槽(4)
?,164078133,未知,12年,2017/01/01,吐槽(3)
Jiny-Deng,350365189,男,15年,2017/06/07,吐槽(3)
MANOLO,672392292,未知,13年,2017/06/07,吐槽(3)
CBRLove,511270399,男,14年,2017/06/13,吐槽(3)
A??JJ,773872428,未知,11年,2017/09/18,吐槽(3)
|??S??V??I??P????|,493407148,男,11年,2017/10/10,吐槽(3)
玉逍遥,1448000853,未知,9年,2017/10/26,吐槽(3)
whcp,949396695,男,11年,2017/11/04,吐槽(3)
大头,357258180,男,15年,2017/11/14,吐槽(3)
don'tworrybehappy,945773511,男,11年,2018/04/14,吐槽(3)
迷茫的夜晚,250809677,男,15年,2018/04/19,吐槽(3)
退・忍,1007916121,男,9年,2018/07/03,吐槽(3)
321,1135184234,未知,10年,2018/07/16,吐槽(3)
jason,124114987,男,17年,2018/07/21,吐槽(3)
『水族』,50677811,未知,18年,2018/08/23,吐槽(3)
lalalala,742850414,未知,7年,2018/09/18,吐槽(3)
小不点,626108961,男,13年,2018/09/28,吐槽(3)
HH,565378270,男,12年,2018/10/10,吐槽(3)
断魂①箭,646305189,男,12年,2018/12/09,吐槽(3)
冯旭东,63436957,男,18年,2018/12/21,吐槽(3)
我心永恒,630674132,男,10年,2019/02/09,吐槽(3)
泡泡派,84283982,男,17年,2019/03/06,吐槽(3)
无极?,945095393,男,10年,2019/03/06,吐槽(3)
Yanliang,1033056118,男,10年,2019/03/22,吐槽(3)
Ken?Kaneki,954234253,未知,7年,2019/03/22,吐槽(3)
南方落,2350835860,男,6年,2019/03/27,冒泡(3)
soong,393569461,男,13年,2019/04/14,冒泡(3)
一棵小草,978237051,男,9年,2019/04/14,冒泡(3)
Top?Healer,445175571,男,7年,2019/04/14,冒泡(3)
u・Ж安o,470248547,男,14年,2019/04/15,冒泡(3)
骑猪喝咖啡,404766591,男,14年,2019/05/22,冒泡(3)
lvory,1038309341,男,11年,2019/05/28,冒泡(3)
paul,362374276,男,15年,2019/06/06,冒泡(3)
不会游泳的鱼,317105083,男,14年,2019/06/13,冒泡(3)
づ相识☆遇见℃,659501504,男,12年,2019/06/21,冒泡(3)
下一个世界,1139883552,未知,9年,2019/06/24,冒泡(3)
ET好用,891803675,未知,11年,2019/07/07,冒泡(3)
熊猫头,842115356,男,12年,2019/07/09,冒泡(3)
Justin,1656417806,男,9年,2019/07/11,冒泡(3)
吉姆,345348563,男,10年,2019/07/12,冒泡(3)
迷沁草,317069377,男,15年,2019/07/16,冒泡(3)
马艳云,775410336,男,11年,2019/07/17,冒泡(3)
狼牙,20082752,男,18年,2019/07/20,冒泡(3)
蓝天白云,1119278078,男,9年,2019/07/26,冒泡(3)
wowvwow,421510270,未知,13年,2019/07/29,冒泡(3)
会飞的小憨仔,997419667,男,10年,2019/08/05,冒泡(3)
、花Z的季},1322734677,男,9年,2019/08/11,冒泡(3)
淡如水的空间,598802631,男,12年,2019/08/18,冒泡(3)
小马,397535212,男,5年,2019/08/21,冒泡(3)
丿KID灬迷・寻,278021242,男,15年,2019/08/21,冒泡(3)
夜~会美,294041683,男,12年,2019/08/27,冒泡(3)
_,357968657,男,13年,2019/08/28,冒泡(3)
王朋,2521177215,男,7年,2019/08/28,冒泡(3)
刚子,25322576,男,17年,2019/08/30,冒泡(3)
庄,542758284,男,14年,2019/09/01,冒泡(3)
翅膀,182453482,男,16年,2019/09/04,冒泡(3)
poetryking,445839655,男,11年,2019/09/05,冒泡(3)
Jack,178060137,未知,11年,2019/09/05,冒泡(3)
跳跳敏,654572899,女,12年,2019/09/06,冒泡(3)
帷幕,1187989120,男,10年,2019/09/06,冒泡(3)
★溯&雪☆,6254625,男,18年,2019/09/06,冒泡(3)
残丶应龙,474048627,男,11年,2019/09/12,冒泡(3)
Aysen,122195562,男,14年,2019/09/18,冒泡(3)
二百斤的胖子,1207397185,男,10年,2019/09/18,冒泡(3)
孙廷,792918246,男,10年,2019/09/18,冒泡(3)
ya,876789072,未知,11年,2019/09/18,冒泡(3)
屺惴缜嵩频,544642965,未知,13年,2019/09/20,冒泡(3)
振翅飞翔,330529569,男,14年,2019/09/25,冒泡(3)
卢克,2098231069,男,0年,2019/09/25,冒泡(3)
烟花易冷,1573765790,男,9年,2019/09/25,冒泡(3)
啷哩啷,272834463,男,9年,2019/09/25,冒泡(3)
木子,251287206,男,15年,2019/09/28,冒泡(3)
snapshot,1335149737,男,9年,2019/09/28,冒泡(3)
南,983816,男,19年,2019/09/28,冒泡(3)
&逸清河,838199230,男,12年,2019/09/28,冒泡(3)
12.XX.XX-HK-ewring,16337305,男,18年,2019/09/28,冒泡(3)
星空物语,815789693,男,11年,2019/09/28,冒泡(3)
天马行空,271166974,男,15年,2019/09/29,冒泡(3)
A0-JacK,770948612,未知,10年,2019/09/29,冒泡(3)
wyy,578448100,未知,10年,2019/09/29,冒泡(3)
碎梦安然,1427784107,男,8年,2016/11/24,冒泡(2)
余生请多指教丶,313222319,男,15年,2017/08/17,冒泡(2)
这年头,531369044,男,14年,2017/09/26,冒泡(2)
Pen-Pineapple-Apple-Pen,1006351809,男,11年,2017/11/23,冒泡(2)
dgl,2457876902,男,8年,2017/12/07,冒泡(2)
Caruso,490779618,男,11年,2017/12/08,冒泡(2)
Sunshine???c?,494856845,男,13年,2018/01/05,冒泡(2)
将去将来,452855226,男,14年,2018/01/22,冒泡(2)
九思,1048095605,男,10年,2018/03/07,冒泡(2)
Ross,739303612,男,12年,2018/03/08,冒泡(2)
浣熊,357595427,男,15年,2018/05/25,冒泡(2)
Distance,1312028243,未知,9年,2018/05/30,冒泡(2)
沉睡的岳,345283969,男,12年,2018/06/07,冒泡(2)
落叶,904715872,男,12年,2018/06/11,冒泡(2)
丿?漂泊哥,2787301823,男,5年,2018/06/11,冒泡(2)
可道可,497980516,男,13年,2018/08/29,冒泡(2)
GW,1639684544,男,8年,2018/09/20,冒泡(2)
今日绫波明日香,1145185930,男,9年,2018/10/10,冒泡(2)
John,2322367383,男,6年,2018/10/10,冒泡(2)
Bendon,9534570,男,19年,2018/10/19,冒泡(2)
,996426693,未知,11年,2018/10/19,冒泡(2)
VEの渴,744092034,男,11年,2018/10/24,冒泡(2)
木然,1178880499,男,10年,2018/10/24,冒泡(2)
朝碧海、暮苍梧,1006081461,男,10年,2018/10/30,冒泡(2)
??━??,1846225041,男,8年,2018/12/11,冒泡(2)
.,1164727947,男,10年,2018/12/16,冒泡(2)
看你.醉红唇,1305496409,未知,9年,2019/01/13,冒泡(2)
一诺千金,1063797720,男,10年,2019/01/24,冒泡(2)
麾,2504871415,男,7年,2019/02/24,冒泡(2)
大数据可视化,821026668,男,12年,2019/02/24,冒泡(2)
longage,1752902756,男,7年,2019/03/15,冒泡(2)
鱼豆腐、,601923997,男,9年,2019/03/22,冒泡(2)
水伶庄,286752576,未知,15年,2019/04/14,冒泡(2)
静雅思听,614980448,未知,9年,2019/05/04,冒泡(2)
无解,2955651708,男,4年,2019/05/05,冒泡(2)
北海之北,497423815,男,10年,2019/05/12,冒泡(2)
陌,472025488,男,13年,2019/05/14,冒泡(2)
♂不知,125931470,未知,14年,2019/05/14,冒泡(2)
飞鱼q,1105709025,未知,10年,2019/05/22,冒泡(2)
Louis,191647974,男,16年,2019/06/06,冒泡(2)
Forever.,351849504,男,12年,2019/06/06,冒泡(2)
孤舟蓑笠翁,546581550,男,9年,2019/06/14,冒泡(2)
空城旧梦ぺ,810553413,男,12年,2019/06/21,冒泡(2)
名字被和谐了,718397543,男,12年,2019/06/25,冒泡(2)
哇吖呀嘿,1049975357,女,9年,2019/07/07,冒泡(2)
K,1169512944,男,9年,2019/07/07,冒泡(2)
剑雨飘雪,591262104,未知,13年,2019/07/07,冒泡(2)
求略,1292369127,男,7年,2019/07/11,冒泡(2)
派大星,1191073896,未知,9年,2019/07/11,冒泡(2)
＂ぺ大迷糊ぺ,847464757,未知,12年,2019/07/17,冒泡(2)
且听风吟,632932536,男,13年,2019/07/20,冒泡(2)
抓鼠猫,297538600,男,15年,2019/07/29,冒泡(2)
八戒de故事,673415568,男,10年,2019/07/31,冒泡(2)
linora,984513956,男,10年,2019/08/11,冒泡(2)
Future?is?Now,459673409,未知,14年,2019/08/14,冒泡(2)
阿呸,617015032,未知,11年,2019/08/21,冒泡(2)
时光@太瘦,1339570986,男,9年,2019/08/23,冒泡(2)
我乃罗刹街镇魂将,635944543,女,9年,2019/08/27,冒泡(2)
心随我动,377417049,男,11年,2019/08/28,冒泡(2)
阿钟,1289689965,男,9年,2019/08/31,冒泡(2)
刘三藏,179351273,男,17年,2019/08/31,冒泡(2)
林莉?,1032649008,男,11年,2019/09/03,冒泡(2)
。,773807943,未知,12年,2019/09/03,冒泡(2)
竹叶。,515789026,男,13年,2019/09/04,冒泡(2)
努力努力再努力！,847050412,未知,12年,2019/09/04,冒泡(2)
芮,541405895,未知,13年,2019/09/04,冒泡(2)
如明日好景,562382748,男,13年,2019/09/05,冒泡(2)
随→意￡hans,252323797,男,16年,2019/09/05,冒泡(2)
风云,12928101,男,19年,2019/09/05,冒泡(2)
ζ??爱壹の陈工☆,1447091989,男,9年,2019/09/05,冒泡(2)
Renz,328713040,未知,15年,2019/09/05,冒泡(2)
必有妖,565280542,男,9年,2019/09/06,冒泡(2)
风中叶,79049550,男,18年,2019/09/06,冒泡(2)
learn,825343623,未知,11年,2019/09/06,冒泡(2)
struggle?°挣扎,729352344,男,11年,2019/09/11,冒泡(2)
R.K,1502534146,男,8年,2019/09/16,冒泡(2)
…,1429020120,男,8年,2019/09/18,冒泡(2)
我^相信,903294806,男,12年,2019/09/18,冒泡(2)
橙子,305860294,男,12年,2019/09/18,冒泡(2)
反三角,2320206897,男,7年,2019/09/18,冒泡(2)
糖糖很甜,446829075,男,13年,2019/09/18,冒泡(2)
t☆妖、小孽s,1478240635,未知,6年,2019/09/18,冒泡(2)
AI?bula,1138606758,男,10年,2019/09/18,冒泡(2)
Singvis,815836441,未知,11年,2019/09/18,冒泡(2)
FantaSy,370354724,男,14年,2019/09/18,冒泡(2)
边远,1093607849,男,9年,2019/09/18,冒泡(2)
K。,791467568,男,12年,2019/09/19,冒泡(2)
姒asE,542694094,男,12年,2019/09/19,冒泡(2)
jacky,864631546,男,12年,2019/09/20,冒泡(2)
Freedom,819929470,男,11年,2019/09/20,冒泡(2)
～,820037947,男,10年,2019/09/23,冒泡(2)
Dean,308645550,男,15年,2019/09/24,冒泡(2)
?,710890775,未知,12年,2019/09/25,冒泡(2)
最近,974158162,女,11年,2019/09/25,冒泡(2)
丹尼,787577293,男,10年,2019/09/25,冒泡(2)
亦丶,634137063,男,8年,2019/09/25,冒泡(2)
XYZ,321871789,男,6年,2019/09/25,冒泡(2)
三千天下,1638524194,男,8年,2019/09/25,冒泡(2)
光梦,2798927005,男,4年,2019/09/25,冒泡(2)
中国云男,906278918,男,11年,2019/09/26,冒泡(2)
波。,1729244557,未知,6年,2019/09/28,冒泡(2)
游泳的鱼,554898573,男,12年,2019/09/28,冒泡(2)
彭于晏,2301477745,男,5年,2019/09/28,冒泡(2)
余味。,3058023150,女,5年,2019/09/28,冒泡(2)
风云,544839028,男,13年,2019/10/01,冒泡(2)
Captain,16771688,男,19年,2018/03/15,冒泡(1)
石头,283302410,未知,14年,2018/05/19,冒泡(1)
少年强,1017831500,男,9年,2018/06/11,冒泡(1)
成功的失败者?,2276282419,男,8年,2018/08/06,冒泡(1)
智浪淘沙,409786373,未知,14年,2018/09/28,冒泡(1)
樱空释,834580780,男,9年,2018/10/24,冒泡(1)
Edwin?Van?Der?Sar？,2507511047,男,8年,2019/02/09,冒泡(1)
◆碧海蓝冰★,287725121,男,15年,2019/02/24,冒泡(1)
Thomas?Ray,1164783032,男,10年,2019/03/22,冒泡(1)
WAITING,464091417,男,12年,2019/03/30,冒泡(1)
wgq,602996488,男,8年,2019/04/15,冒泡(1)
blackwing,461025412,男,6年,2019/04/23,冒泡(1)
tPale?smile,1547195154,女,8年,2019/06/03,冒泡(1)
?,1533870527,男,8年,2019/06/03,冒泡(1)
哈哈,21637392,男,17年,2019/06/24,冒泡(1)
??????????,1026905322,男,11年,2019/06/24,冒泡(1)
avazhouhong,3235569036,女,4年,2019/07/07,冒泡(1)
Jia,1832479990,男,7年,2019/07/07,冒泡(1)
cold,824673772,男,12年,2019/07/30,冒泡(1)
悠悠晚枫,20877893,男,19年,2019/09/10,冒泡(1)
cy.z,1213188997,男,10年,2019/09/19,冒泡(1)
别说,657633811,男,13年,2019/09/25,冒泡(1)
812745312,812745312,男,12年,2019/09/25,冒泡(1)
战胜自己,2927720415,女,6年,2019/09/28,冒泡(1)
水煮沉浮,42056821,男,17年,2019/09/29,冒泡(1)
HugoYang,47516009,男,18年,2015/11/09,潜水(0)
111111111111111111111111,366614580,男,13年,2015/11/09,潜水(0)
慕卿以真心,1154450981,未知,9年,2016/04/18,潜水(0)
普通人,1360848475,男,9年,2016/05/31,潜水(0)
混乱中的CY,1195021,男,19年,2016/06/03,潜水(0)
赵鹏鹏,1213605384,未知,8年,2016/06/06,潜水(0)
Parápluìe,15783167,男,17年,2016/06/22,潜水(0)
冲凉YO,350016339,男,13年,2016/07/28,潜水(0)
L~L,864592104,男,12年,2016/08/11,潜水(0)
,347887659,男,12年,2016/09/05,潜水(0)
霜天晓月,422601163,男,14年,2016/09/23,潜水(0)
念安,971982596,未知,10年,2016/09/23,潜水(0)
silence,284326417,男,9年,2016/09/29,潜水(0)
DoRequest,349646634,男,15年,2016/10/11,潜水(0)
星空,40138096,男,18年,2016/11/01,潜水(0)
K,669698083,男,12年,2016/11/08,潜水(0)
fan,284130129,男,14年,2016/11/12,潜水(0)
不给力瘦小子,8702511,男,18年,2016/11/14,潜水(0)
mikawudi,1015191873,男,11年,2016/12/01,潜水(0)
巨蟹座的忧郁,13325839,男,19年,2016/12/05,潜水(0)
Ants,273707977,男,15年,2016/12/16,潜水(0)
金玉°,423530903,未知,14年,2017/01/05,潜水(0)
兔崽子，想被揍啊！,983329158,未知,11年,2017/01/09,潜水(0)
,376148726,未知,13年,2017/01/10,潜水(0)
秋天的童话,243932069,未知,13年,2017/01/10,潜水(0)
htx,97028415,男,10年,2017/01/13,潜水(0)
凌飞羽,5033608,男,19年,2017/02/20,潜水(0)
felayman,669445029,未知,13年,2017/02/21,潜水(0)
GP,695396895,男,12年,2017/02/26,潜水(0)
have?fun,604176621,男,12年,2017/03/16,潜水(0)
≮仿晶¤恋≯,122061547,未知,17年,2017/03/23,潜水(0)
青春，奋斗,2544669318,未知,7年,2017/03/29,潜水(0)
那伊抹微笑,1042658081,男,10年,2017/03/31,潜水(0)
He,1325395330,男,9年,2017/04/01,潜水(0)
左脑右脑,260663700,男,12年,2017/04/14,潜水(0)
Stefli,3326848,男,19年,2017/04/25,潜水(0)
‖m^ャ瘾→,458553255,男,12年,2017/05/09,潜水(0)
杨子墨,645227841,未知,10年,2017/05/12,潜水(0)
生命之舟,409031406,男,15年,2017/05/12,潜水(0)
Tot?zien,245452485,男,13年,2017/05/17,潜水(0)
会飞的鱼℃…,154234293,未知,11年,2017/05/25,潜水(0)
简单才是真,443048756,男,13年,2017/05/25,潜水(0)
关外飞鹰,1096158396,男,9年,2017/05/25,潜水(0)
Ⅵザㄚè,136587440,未知,13年,2017/06/02,潜水(0)
25°,869276929,男,11年,2017/06/04,潜水(0)
编号41836,415378338,男,14年,2017/06/12,潜水(0)
阿楞,947972627,未知,11年,2017/06/13,潜水(0)
黎明,728805437,未知,12年,2017/06/13,潜水(0)
o,444210493,男,14年,2017/06/15,潜水(0)
^ǒ^金＆,358055631,男,14年,2017/06/20,潜水(0)
77353952,77353952,男,16年,2017/06/26,潜水(0)
teemo.mo,2363175757,男,7年,2017/06/28,潜水(0)
最后的slient,694380339,男,9年,2017/06/29,潜水(0)
刃,382653105,男,13年,2017/06/29,潜水(0)
Daz'DinGo,892364036,未知,11年,2017/07/12,潜水(0)
Connor,77666591,男,18年,2017/07/14,潜水(0)
我的电脑,1020333639,未知,10年,2017/07/18,潜水(0)
比目鱼,570862592,男,11年,2017/07/20,潜水(0)
李继聪,1974003640,男,8年,2017/08/03,潜水(0)
LYJ,460065325,男,13年,2017/08/09,潜水(0)
*],776313264,男,9年,2017/08/25,潜水(0)
王伟,396339194,男,15年,2017/08/25,潜水(0)
nOthing,415408642,男,15年,2017/09/06,潜水(0)
左手倒影,704780510,男,12年,2017/09/08,潜水(0)
哈哈,1967705642,男,8年,2017/09/13,潜水(0)
森林的炎火,1059653878,男,10年,2017/09/13,潜水(0)
载入中・・・,125456072,男,14年,2017/09/13,潜水(0)
醋瓶子、,547202455,男,13年,2017/09/25,潜水(0)
水花,376014243,男,13年,2017/10/02,潜水(0)
焖焖,517868925,男,14年,2017/10/10,潜水(0)
g灬T!GERt,345874660,男,15年,2017/10/12,潜水(0)
小白打BOSS,55548246,男,18年,2017/10/13,潜水(0)
一直在路上,514548977,男,12年,2017/10/13,潜水(0)
林初寒,1793360097,男,8年,2017/10/13,潜水(0)
低保户临时工卖肺,1703581,男,19年,2017/10/17,潜水(0)
Joe,29124037,男,17年,2017/10/18,潜水(0)
起风了,670873386,男,11年,2017/10/20,潜水(0)
二月鸟Provence,360929805,男,10年,2017/10/23,潜水(0)
枯木逢春,412940592,男,14年,2017/10/24,潜水(0)
Jacky?Liang,732131850,未知,10年,2017/10/24,潜水(0)
阿坑,1010059399,未知,10年,2017/10/27,潜水(0)
她°(*^?^),976889989,未知,10年,2017/10/29,潜水(0)
风飞,1322584972,未知,9年,2017/10/30,潜水(0)
★等待〓,22722356,未知,17年,2017/11/01,潜水(0)
赵顾,421776096,男,13年,2017/11/06,潜水(0)
紫冰之萧,564263820,未知,13年,2017/11/10,潜水(0)
天外天,446369399,男,12年,2017/11/11,潜水(0)
此时此刻,287110961,男,14年,2017/11/13,潜水(0)
倾听,779688446,男,10年,2017/11/15,潜水(0)
进哥哥,113354398,男,17年,2017/11/16,潜水(0)
Chaos,835375285,男,12年,2017/11/17,潜水(0)
*基点项目师*,6277193,男,18年,2017/11/20,潜水(0)
目的地,865742713,男,10年,2017/11/22,潜水(0)
心悦,785671299,男,12年,2017/11/23,潜水(0)
・,451690129,男,10年,2017/11/23,潜水(0)
中医门诊部,695222311,男,10年,2017/11/25,潜水(0)
_Ｓㄒ.秋メ空,289841352,男,11年,2017/11/26,潜水(0)
永不放弃,383635417,男,13年,2017/11/30,潜水(0)
tty,2273952771,男,8年,2017/12/04,潜水(0)
kkk,651006415,未知,13年,2017/12/07,潜水(0)
三哥,2196248264,男,6年,2017/12/07,潜水(0)
守护,1318735052,男,9年,2017/12/11,潜水(0)
在哪里？,1458054978,男,9年,2017/12/11,潜水(0)
观棋,522587553,未知,13年,2017/12/11,潜水(0)
,2443021234,未知,8年,2017/12/14,潜水(0)
没啥大不了,2234928093,男,7年,2017/12/14,潜水(0)
david,1315377399,男,9年,2017/12/15,潜水(0)
只属于...,366690712,男,13年,2017/12/18,潜水(0)
O_o,1216766146,男,10年,2017/12/25,潜水(0)
H,729282416,男,10年,2018/01/02,潜水(0)
熊思敏,1056204405,男,10年,2018/01/03,潜水(0)
zjc,511528863,男,14年,2018/01/04,潜水(0)
TryCatch,410153391,男,13年,2018/01/08,潜水(0)
IT'S?ME,568965775,未知,13年,2018/01/08,潜水(0)
RL,529230803,男,12年,2018/01/09,潜水(0)
喂，你好吗,1083077144,男,10年,2018/01/09,潜水(0)
FreeBSDly,441397227,男,14年,2018/01/09,潜水(0)
大猫君^_^,334873570,男,15年,2018/01/09,潜水(0)
Charley,990505152,未知,11年,2018/01/11,潜水(0)
做梦,1327153852,女,9年,2018/01/14,潜水(0)
alex,2209394481,未知,7年,2018/01/15,潜水(0)
吕梁军,394012149,未知,13年,2018/01/15,潜水(0)
星辰,573910619,男,12年,2018/01/17,潜水(0)
@　??━??,576364514,未知,12年,2018/01/20,潜水(0)
晓C,157939987,男,16年,2018/01/20,潜水(0)
Leon,1123809155,男,10年,2018/01/20,潜水(0)
驭风者,350783025,未知,14年,2018/01/23,潜水(0)
什么情况,1510983253,男,9年,2018/01/24,潜水(0)
553999969,553999969,未知,14年,2018/01/26,潜水(0)
?,996489706,男,10年,2018/01/29,潜水(0)
"凸b,男波万",386656286,男,12年,2018/02/02,潜水(0)
一、天,87127035,男,14年,2018/02/02,潜水(0)
灬◇Xu、漠然,649727779,男,12年,2018/02/02,潜水(0)
zhangya,526195417,男,14年,2018/02/02,潜水(0)
蓝雪狼,635855982,男,12年,2018/02/08,潜水(0)
踏步嘀兔纸,187265060,女,16年,2018/02/25,潜水(0)
字：三十三斤,804545016,未知,12年,2018/02/27,潜水(0)
ゎ.?温瞳b,2312199304,未知,8年,2018/02/27,潜水(0)
伍贰叁零,8974636,未知,19年,2018/03/04,潜水(0)
愁,379696420,女,15年,2018/03/07,潜水(0)
Marde,1421320187,女,7年,2018/03/07,潜水(0)
我为/zq狂,289108416,男,15年,2018/03/07,潜水(0)
笑着@难过,121295926,男,14年,2018/03/08,潜水(0)
小鱼仔,764224320,未知,12年,2018/03/11,潜水(0)
BLACK?MAMBA.,1138665328,男,10年,2018/03/15,潜水(0)
大布丁,1029718215,男,9年,2018/03/20,潜水(0)
寇寇寇先森,1025063342,男,10年,2018/03/22,潜水(0)
刚背兽,361641238,未知,10年,2018/03/22,潜水(0)
e抹不掉的尘埃g,307566671,男,13年,2018/03/22,潜水(0)
烟花易冷,574644403,男,12年,2018/03/22,潜水(0)
佛渡有缘人,1311887155,男,9年,2018/03/25,潜水(0)
工兵,491657963,未知,12年,2018/03/25,潜水(0)
箫湘梓,1205625251,男,8年,2018/04/01,潜水(0)
一个会犯错不完美的人,1530893482,未知,8年,2018/04/01,潜水(0)
Jiao?Husband,408426893,未知,15年,2018/04/01,潜水(0)
。。。,442145430,男,14年,2018/04/02,潜水(0)
?,1311511885,未知,9年,2018/04/02,潜水(0)
卡卡,2240930501,男,7年,2018/04/02,潜水(0)
......,475038507,男,13年,2018/04/10,潜水(0)
n??溪风.??e…,124138318,男,14年,2018/04/10,潜水(0)
了不起的盖茨比,573693104,男,9年,2018/04/16,潜水(0)
流年,372858845,男,14年,2018/04/16,潜水(0)
{宇?L信,200865862,男,11年,2018/04/17,潜水(0)
?nMos念,448362549,男,14年,2018/04/19,潜水(0)
HiJimmy,1499480564,男,9年,2018/04/19,潜水(0)
YANGBOSS,297169670,男,14年,2018/04/21,潜水(0)
小梏灬Pearl,1258014099,男,9年,2018/04/22,潜水(0)
静水流深,121971904,男,14年,2018/04/22,潜水(0)
想念°,806312211,男,5年,2018/04/22,潜水(0)
?,361660500,男,13年,2018/04/24,潜水(0)
L,276281680,未知,16年,2018/04/24,潜水(0)
－－,291718558,男,11年,2018/04/24,潜水(0)
bingo_919,403445064,男,13年,2018/04/24,潜水(0)
黄天麟,1064344315,男,10年,2018/04/26,潜水(0)
Leo?Jen、??,383927933,男,15年,2018/04/26,潜水(0)
心如止水,461351667,男,14年,2018/04/27,潜水(0)
燃,84795949,未知,14年,2018/05/08,潜水(0)
breeze,1421074724,男,9年,2018/05/08,潜水(0)
Jack,88224037,男,18年,2018/05/08,潜水(0)
米老虎?,281608214,男,14年,2018/05/14,潜水(0)
Waldeinsamkeit,702319579,男,12年,2018/05/14,潜水(0)
一路向阳,609994298,未知,11年,2018/05/14,潜水(0)
TaegeanS,1092517369,男,9年,2018/05/14,潜水(0)
期待幸福,171575158,未知,4年,2018/05/14,潜水(0)
云兮,1626666646,男,6年,2018/05/15,潜水(0)
王少锋,2961483998,男,3年,2018/05/15,潜水(0)
铃铛,434357931,男,12年,2018/05/17,潜水(0)
Tan_alpha,1928212168,男,5年,2018/05/19,潜水(0)
♂流氓兔子,271813143,未知,16年,2018/05/19,潜水(0)
King,214457604,男,16年,2018/05/19,潜水(0)
金牛小木鱼,640207814,未知,13年,2018/05/19,潜水(0)
奋斗熊,179699452,男,12年,2018/05/19,潜水(0)
啷啷&最坏,915498173,男,11年,2018/05/19,潜水(0)
qqqqqq,544398668,男,12年,2018/05/25,潜水(0)
南山下,1029111419,男,10年,2018/05/25,潜水(0)
奋斗的小青年、,171291143,男,9年,2018/05/25,潜水(0)
Every?Day,3246068556,男,4年,2018/05/27,潜水(0)
。阿迪的呆,1209715614,未知,10年,2018/05/27,潜水(0)
不知所畏???,1305315350,未知,9年,2018/05/27,潜水(0)
飞翔,707428600,男,11年,2018/05/27,潜水(0)
Private,75131056,男,14年,2018/05/27,潜水(0)
骑着火箭撵飞机,1798229270,未知,6年,2018/05/27,潜水(0)
普罗米修斯,1245714483,男,10年,2018/05/27,潜水(0)
kim,215115704,男,10年,2018/05/30,潜水(0)
南城北事,124359090,未知,14年,2018/05/30,潜水(0)
庸人自扰?,120911588,男,10年,2018/05/30,潜水(0)
余~,70215100,男,18年,2018/05/31,潜水(0)
！,1275455481,男,8年,2018/05/31,潜水(0)
Biu....,102309292,未知,8年,2018/05/31,潜水(0)
辉,279616891,未知,12年,2018/05/31,潜水(0)
WAWQ,771815876,男,12年,2018/05/31,潜水(0)
聂,965787365,男,9年,2018/05/31,潜水(0)
――乱、步,1051405081,男,11年,2018/06/04,潜水(0)
lql,593218366,男,12年,2018/06/04,潜水(0)
鱼小鱼,1438911345,男,6年,2018/06/05,潜水(0)
kL,706778513,男,9年,2018/06/07,潜水(0)
逝去的吉他,85653652,男,18年,2018/06/07,潜水(0)
骑蜗牛闯世界,121368094,男,17年,2018/06/07,潜水(0)
7天,1046003150,未知,10年,2018/06/11,潜水(0)
z2---112,3192888214,男,4年,2018/06/11,潜水(0)
习惯,529483093,男,12年,2018/06/13,潜水(0)
负片,739861264,未知,12年,2018/06/13,潜水(0)
王冠中,297697499,男,14年,2018/06/13,潜水(0)
风华正茂,627598295,男,11年,2018/06/19,潜水(0)
透笼街59号,201406007,未知,5年,2018/06/19,潜水(0)
^_^,292819692,男,12年,2018/06/19,潜水(0)
nㄨ患~深ㄨ????,446825995,未知,11年,2018/06/22,潜水(0)
Immature？,1299523926,未知,9年,2018/06/22,潜水(0)
“心”有所属,419513210,男,14年,2018/06/22,潜水(0)
华先生,347349587,男,4年,2018/06/22,潜水(0)
忠,1479827759,男,9年,2018/06/22,潜水(0)
凉介-,1137894004,男,10年,2018/06/28,潜水(0)
Tinscon,1017067016,未知,11年,2018/06/28,潜水(0)
Json,1308889830,男,8年,2018/06/28,潜水(0)
岁月催,281714895,男,12年,2018/07/03,潜水(0)
云晓天,858763133,男,10年,2018/07/03,潜水(0)
侯斌,1031248990,男,10年,2018/07/03,潜水(0)
Crud仔,542073396,男,13年,2018/07/03,潜水(0)
啊切,2924811900,未知,6年,2018/07/03,潜水(0)
超好吃的辣条,602943701,男,9年,2018/07/13,潜水(0)
风再起时,2696616968,男,6年,2018/07/14,潜水(0)
秀才.杨过,1738666388,男,8年,2018/07/14,潜水(0)
?,397530992,未知,14年,2018/07/14,潜水(0)
,1632126,未知,19年,2018/07/14,潜水(0)
Q,760051540,男,9年,2018/07/21,潜水(0)
━Start。平常心_,841809077,男,12年,2018/07/21,潜水(0)
奋斗中的钢子,1639670404,未知,8年,2018/07/24,潜水(0)
QQ小冰,754369677,男,11年,2018/07/24,潜水(0)
L．m.?g,287045858,未知,15年,2018/07/24,潜水(0)
吴晓冲,337362026,未知,12年,2018/07/24,潜水(0)
南城,76886049,未知,14年,2018/07/24,潜水(0)
□★/kuk,1121644742,男,10年,2018/07/24,潜水(0)
?笨孩n。,1016619674,男,11年,2018/07/29,潜水(0)
李杰,826547931,男,12年,2018/07/29,潜水(0)
孙伟,418531356,未知,15年,2018/08/01,潜水(0)
zoovin,1149956861,男,8年,2018/08/01,潜水(0)
我的电脑,308367648,男,10年,2018/08/06,潜水(0)
]Memory@loss[Chaos],1070181444,男,10年,2018/08/08,潜水(0)
空白。,1214106156,男,9年,2018/08/08,潜水(0)
有手好弦de,564196479,男,13年,2018/08/08,潜水(0)
化学反应,6278401,男,19年,2018/08/14,潜水(0)
带头大哥,17089582,未知,2年,2018/08/14,潜水(0)
路人乙,744802268,男,11年,2018/08/14,潜水(0)
力克╃,493887068,未知,12年,2018/08/14,潜水(0)
浮光掠影,1667701265,未知,9年,2018/08/14,潜水(0)
2018.06.06,1412463871,未知,9年,2018/08/14,潜水(0)
victory,317605499,未知,8年,2018/08/14,潜水(0)
流年丿似锦丶,1515249580,男,8年,2018/08/14,潜水(0)
"好想???""",1169579863,男,9年,2018/08/14,潜水(0)
丶,1942178862,男,8年,2018/08/14,潜水(0)
Memo?Zhang,49109890,男,18年,2018/08/14,潜水(0)
树,1324940197,男,9年,2018/08/14,潜水(0)
风居住的街道,1443564377,男,7年,2018/08/14,潜水(0)
小牛,1277904915,男,9年,2018/08/17,潜水(0)
史蒂芬库~李,58709461,未知,18年,2018/08/17,潜水(0)
bu忘初?，no改本色,418018032,男,13年,2018/08/17,潜水(0)
明天有雨,1439027062,男,8年,2018/08/17,潜水(0)
FINALFANTASY,948227209,女,10年,2018/08/17,潜水(0)
搜索爱好者-深圳,2243635624,未知,1年,2018/08/17,潜水(0)
富贵自然来????,441811842,男,10年,2018/08/17,潜水(0)
流浪者之歌,553319047,男,7年,2018/08/23,潜水(0)
我艾我佳,517876547,男,13年,2018/08/23,潜水(0)
?,1261389054,未知,9年,2018/08/23,潜水(0)
黎明,1571002896,男,8年,2018/08/23,潜水(0)
なさmihu,674612305,男,12年,2018/08/23,潜水(0)
小鱼,85127807,男,18年,2018/08/23,潜水(0)
Gibson,51223928,男,18年,2018/08/27,潜水(0)
我在这,1062871947,男,8年,2018/08/27,潜水(0)
阿飞,7158888,男,19年,2018/08/29,潜水(0)
絮,757629523,男,11年,2018/08/29,潜水(0)
nony,2195418737,男,4年,2018/08/29,潜水(0)
*,184758914,男,12年,2018/08/29,潜水(0)
罗加朋,1033985984,男,9年,2018/08/29,潜水(0)
越长大越孤单?,617129401,男,8年,2018/09/01,潜水(0)
Never?lose?hope,1321737735,未知,9年,2018/09/01,潜水(0)
猪也有理想,314759623,男,15年,2018/09/01,潜水(0)
哇,153099994,男,16年,2018/09/01,潜水(0)
Kang,852603159,男,11年,2018/09/01,潜水(0)
爱情防火墙,183530300,男,12年,2018/09/01,潜水(0)
TokTik,3148500246,男,3年,2018/09/03,潜水(0)
洋洋得?毅,3207486954,男,4年,2018/09/03,潜水(0)
663,379779819,未知,13年,2018/09/05,潜水(0)
DR.ZUO,1906869123,男,7年,2018/09/05,潜水(0)
擎天柱,2451034171,男,8年,2018/09/05,潜水(0)
怡之泉,421512647,男,13年,2018/09/05,潜水(0)
光ソ不暖,770896408,男,11年,2018/09/08,潜水(0)
不忘初心,2205439145,男,8年,2018/09/17,潜水(0)
、,2457743111,未知,7年,2018/09/17,潜水(0)
succ,1160727134,男,10年,2018/09/17,潜水(0)
战战如疯,449217002,男,12年,2018/09/17,潜水(0)
北京YY科技,78601991,男,18年,2018/09/17,潜水(0)
正义的小灰牛,171845144,男,17年,2018/09/17,潜水(0)
JAVA弑云,1192241892,未知,10年,2018/09/17,潜水(0)
altas,754767663,男,12年,2018/09/17,潜水(0)
再见理想,191513877,男,16年,2018/09/17,潜水(0)
确实比较男,380303318,男,12年,2018/09/17,潜水(0)
庄生晓梦,819071303,未知,10年,2018/09/17,潜水(0)
kenneth,171134500,男,17年,2018/09/17,潜水(0)
A2,860312084,未知,11年,2018/09/17,潜水(0)
寒石,366830352,未知,14年,2018/09/20,潜水(0)
☆◆${不赖你}◆,516345102,男,11年,2018/09/20,潜水(0)
weiking,740824688,未知,9年,2018/09/20,潜水(0)
希望e不灭,1481746137,男,9年,2018/09/20,潜水(0)
superman丶阿涛,2170931587,男,3年,2018/09/28,潜水(0)
七夜,410765448,男,13年,2018/09/28,潜水(0)
天佑,78126068,男,18年,2018/09/28,潜水(0)
雅各,406898096,男,13年,2018/09/28,潜水(0)
xiang,179708936,男,12年,2018/09/28,潜水(0)
加油！,1332948065,未知,9年,2018/09/28,潜水(0)
云梦君,1187086001,男,10年,2018/09/28,潜水(0)
g夜阑の朦胧ぁ,981055793,男,11年,2018/09/28,潜水(0)
Potter,604003214,男,9年,2018/09/28,潜水(0)
Lynn.?Xtreme,313725190,女,12年,2018/09/28,潜水(0)
寻,1152514517,男,7年,2018/09/28,潜水(0)
事在人为.,302913200,未知,11年,2018/09/28,潜水(0)
天道酬勤,1455307822,男,9年,2018/09/28,潜水(0)
左手边,232899160,男,15年,2018/09/28,潜水(0)
音啡?,303653981,男,15年,2018/09/28,潜水(0)
簟,496268609,男,14年,2018/09/28,潜水(0)
H,335830104,未知,12年,2018/10/01,潜水(0)
阴鸦,1337547531,未知,9年,2018/10/01,潜水(0)
招财进宝,603867815,男,11年,2018/10/01,潜水(0)
Face2Object,1240906622,男,1年,2018/10/01,潜水(0)
Minja_,553670130,男,14年,2018/10/01,潜水(0)
d-zero,1239376306,男,10年,2018/10/01,潜水(0)
.?.?.???…,853064534,未知,10年,2018/10/01,潜水(0)
小心篝火,27381248,未知,18年,2018/10/01,潜水(0)
廿,627040681,男,12年,2018/10/10,潜水(0)
毛毛虫de一生,1344178872,男,9年,2018/10/10,潜水(0)
ǐē`隐,838693920,男,12年,2018/10/10,潜水(0)
程序员之殇,304379376,男,3年,2018/10/10,潜水(0)
Ｓｏｌａ?x,610320681,男,9年,2018/10/10,潜水(0)
KK,1037759454,男,7年,2018/10/10,潜水(0)
丁威,624324735,男,13年,2018/10/10,潜水(0)
晓^_^晶,1104626556,女,4年,2018/10/19,潜水(0)
阿木,1031560925,男,11年,2018/10/19,潜水(0)
让周飞,1046339677,男,10年,2018/10/19,潜水(0)
79038828,79038828,男,18年,2018/10/19,潜水(0)
刘宇戈,1048828472,男,10年,2018/10/19,潜水(0)
せＤū,317827034,未知,14年,2018/10/19,潜水(0)
星辰,1293855300,未知,10年,2018/10/19,潜水(0)
Allen-Du,1120356901,男,10年,2018/10/19,潜水(0)
龙一,1037930435,未知,11年,2018/10/19,潜水(0)
浅黛微妆,347239140,女,11年,2018/10/19,潜水(0)
鹏程,262739490,男,16年,2018/10/19,潜水(0)
★Y?Prince、】,413920172,男,12年,2018/10/19,潜水(0)
阿蒙standby,649150080,男,12年,2018/10/19,潜水(0)
Vex,11239798,男,19年,2018/10/19,潜水(0)
,120715893,男,14年,2018/10/19,潜水(0)
zero,1191910384,未知,8年,2018/10/19,潜水(0)
@,1061778588,男,10年,2018/10/19,潜水(0)
战未来,695128005,男,5年,2018/10/19,潜水(0)
尘埃,1808422468,男,6年,2018/10/19,潜水(0)
Edwiinn,2684293096,男,7年,2018/10/19,潜水(0)
年轻人你还有梦想吗？,1121447814,未知,10年,2018/10/24,潜水(0)
young,903392738,男,11年,2018/10/24,潜水(0)
a?必兮相语つ,1668297649,男,8年,2018/10/24,潜水(0)
Lee,893220900,未知,11年,2018/10/24,潜水(0)
诺言,577376344,男,9年,2018/10/24,潜水(0)
Neo,1292101479,男,9年,2018/10/24,潜水(0)
小川,1403125476,男,8年,2018/10/24,潜水(0)
无语了,379831050,未知,13年,2018/10/24,潜水(0)
那谁、,2454786001,未知,8年,2018/10/24,潜水(0)
QQ小水,318102119,女,6年,2018/10/24,潜水(0)
macheski,1531260104,男,7年,2018/10/24,潜水(0)
Dark?Side.,203073943,未知,4年,2018/10/24,潜水(0)
阿喀琉斯之踵,903574732,未知,11年,2018/10/24,潜水(0)
Brady,284928224,男,14年,2018/10/24,潜水(0)
海,23466804,男,19年,2018/10/24,潜水(0)
不着调调的小脾气,852616797,男,10年,2018/10/26,潜水(0)
清泉,529865442,男,13年,2018/10/26,潜水(0)
旋转木马,275447010,未知,15年,2018/10/26,潜水(0)
Aloha,734333248,男,10年,2018/10/26,潜水(0)
Listen,1083116757,未知,9年,2018/10/26,潜水(0)
慧林-826-黄笔挺,2952610852,未知,5年,2018/10/26,潜水(0)
贝壳,181262901,男,16年,2018/10/26,潜水(0)
Landscape,843300836,男,12年,2018/10/30,潜水(0)
lshc,1248713444,男,10年,2018/10/30,潜水(0)
清,151744357,男,16年,2018/10/30,潜水(0)
曹丞相,714785937,男,8年,2018/10/30,潜水(0)
骑着蜗牛去太空,549261681,男,13年,2018/10/30,潜水(0)
Singin,1511099957,男,9年,2018/11/04,潜水(0)
fang,283449364,男,15年,2018/11/04,潜水(0)
苇杭之,1142675117,未知,10年,2018/11/04,潜水(0)
Shlpeng,21647415,男,18年,2018/11/04,潜水(0)
落夕,1061397953,男,10年,2018/11/04,潜水(0)
哈哈,1030056299,未知,11年,2018/11/04,潜水(0)
海上生明月°,1096164277,男,9年,2018/11/04,潜水(0)
风一样自由,908497242,男,11年,2018/11/04,潜水(0)
zy,369102294,男,15年,2018/11/04,潜水(0)
北落狮门,516597993,男,11年,2018/11/06,潜水(0)
咩咩...,469152909,男,14年,2018/11/06,潜水(0)
溢於言表,1051166584,男,11年,2018/11/06,潜水(0)
Badb0y,5117179,男,18年,2018/11/06,潜水(0)
☆♂金,491271951,未知,13年,2018/11/06,潜水(0)
roadFish,345631537,男,15年,2018/11/09,潜水(0)
随心,475077428,男,14年,2018/11/09,潜水(0)
风向仪,948143880,男,11年,2018/11/09,潜水(0)
陈俊业,794206822,男,12年,2018/11/09,潜水(0)
大胖子,317174808,男,15年,2018/11/09,潜水(0)
，，，,515931153,男,10年,2018/11/09,潜水(0)
大扣大鸣,365040604,男,13年,2018/11/09,潜水(0)
东东大魔王,540465036,男,13年,2018/11/10,潜水(0)
2012,2445067568,男,8年,2018/11/10,潜水(0)
Vn’hb,1073592836,男,10年,2018/11/14,潜水(0)
Answer,631848301,未知,13年,2018/11/14,潜水(0)
小旋风,173169254,男,12年,2018/11/14,潜水(0)
forward,1136871929,男,9年,2018/11/14,潜水(0)
〖旭日东升〗,2206602007,未知,8年,2018/11/15,潜水(0)
没有脚的鸟,823738147,男,12年,2018/11/15,潜水(0)
野马志,2368516574,男,7年,2018/11/15,潜水(0)
葫芦娃救爷爷,763449710,男,11年,2018/11/15,潜水(0)
Killer,1932879181,男,8年,2018/11/15,潜水(0)
99.9%???0KB/s,454739356,男,13年,2018/11/15,潜水(0)
,170239553,男,17年,2018/11/15,潜水(0)
BuGoNee,55847101,女,17年,2018/11/15,潜水(0)
游戏人生,923863841,未知,8年,2018/11/15,潜水(0)
梧桐树,30806876,男,17年,2018/11/15,潜水(0)
Silence,1173640606,男,10年,2018/11/20,潜水(0)
小笨牛,1217868470,男,10年,2018/11/21,潜水(0)
∵希望∴努力,346497984,男,15年,2018/11/25,潜水(0)
abc,854240709,女,12年,2018/11/25,潜水(0)
???李庆喜-,821970945,未知,12年,2018/11/25,潜水(0)
Zou,1217678022,男,10年,2018/11/25,潜水(0)
#,747780552,男,10年,2018/11/25,潜水(0)
土豆块,1225266526,男,10年,2018/11/30,潜水(0)
挽墨亦倾书,1094093213,男,10年,2018/11/30,潜水(0)
相对,100941348,男,9年,2018/11/30,潜水(0)
Mandriva,3326142862,未知,4年,2018/11/30,潜水(0)
牧童,1326252476,未知,9年,2018/11/30,潜水(0)
杨D,89217658,男,14年,2018/11/30,潜水(0)
甲鱼宝宝,1317665590,男,9年,2018/11/30,潜水(0)
滴滴哒滴哒滴滴,1421248409,男,9年,2018/11/30,潜水(0)
QuailOurs,253091287,男,15年,2018/11/30,潜水(0)
写代码的人,1405447492,男,9年,2018/11/30,潜水(0)
阿斯匹林,106688590,未知,17年,2018/11/30,潜水(0)
Jager?bomb,759605767,男,12年,2018/11/30,潜水(0)
狂奔的发际线,342200377,未知,10年,2018/11/30,潜水(0)
Alex,1140788816,男,10年,2018/11/30,潜水(0)
springfield,291949384,男,12年,2018/11/30,潜水(0)
小草,3290277932,男,2年,2018/11/30,潜水(0)
me,954368978,男,11年,2018/11/30,潜水(0)
雨好?,2660343555,男,7年,2018/11/30,潜水(0)
Happiness″,1319414778,男,9年,2018/12/02,潜水(0)
小超人,463195819,未知,14年,2018/12/09,潜水(0)
异乡人,136423119,男,13年,2018/12/09,潜水(0)
Marlin,1245211361,男,10年,2018/12/09,潜水(0)
泠影,1182769238,男,9年,2018/12/09,潜水(0)
清逸枫叶,554287092,男,11年,2018/12/09,潜水(0)
无主人生,78653899,男,14年,2018/12/09,潜水(0)
守望的四叶草,37492714,男,18年,2018/12/09,潜水(0)
无所谓,1570999323,未知,9年,2018/12/09,潜水(0)
走过的年华，终须淡漠,302973436,男,11年,2018/12/09,潜水(0)
攻城狮,251136964,男,12年,2018/12/09,潜水(0)
。,592772240,男,10年,2018/12/09,潜水(0)
周美玲,2585736258,女,8年,2018/12/11,潜水(0)
Forever,1032998173,男,11年,2018/12/11,潜水(0)
晚安,396175371,未知,12年,2018/12/11,潜水(0)
一缕阳光,584167535,男,12年,2018/12/11,潜水(0)
?诚笃e君¤子?,293576561,未知,13年,2018/12/11,潜水(0)
～尘曦～,1397506052,男,7年,2018/12/11,潜水(0)
MrHan琪・Dutchman&布立吞,877790406,女,12年,2018/12/12,潜水(0)
黯淡げ之光,770944480,男,12年,2018/12/12,潜水(0)
骑行天下,2363738188,男,8年,2018/12/12,潜水(0)
111111,2694964822,男,7年,2018/12/12,潜水(0)
我是谁,645474973,女,11年,2018/12/12,潜水(0)
有那么点,2956391678,女,4年,2018/12/12,潜水(0)
燕?云?乱,1529292878,女,9年,2018/12/12,潜水(0)
fuck?you,1820435510,男,7年,2018/12/12,潜水(0)
呵呵,1907963406,男,5年,2018/12/16,潜水(0)
孟子曰,441869115,男,12年,2018/12/16,潜水(0)
追梦人Mr.ZH,1011722201,男,11年,2018/12/16,潜水(0)
BF,446324285,未知,12年,2018/12/16,潜水(0)
HW,577453592,未知,9年,2018/12/16,潜水(0)
日月星辰,14538907,男,19年,2018/12/16,潜水(0)
站在山顶的人。,353071437,未知,13年,2018/12/21,潜水(0)
Silent,630596388,男,12年,2018/12/21,潜水(0)
legendary,351637078,男,12年,2018/12/21,潜水(0)
可爱欧巴?,1392321606,女,9年,2018/12/21,潜水(0)
唐朝汉,289569690,未知,14年,2018/12/21,潜水(0)
ACapricorno,2895887174,男,5年,2018/12/21,潜水(0)
兜?,258316673,男,16年,2018/12/21,潜水(0)
zg,1007599982,未知,9年,2018/12/21,潜水(0)
Sunny,824377901,未知,12年,2018/12/21,潜水(0)
逝水,249623439,男,15年,2018/12/21,潜水(0)
→_→,819698405,未知,11年,2018/12/21,潜水(0)
James?Zhou,1666464075,男,8年,2018/12/21,潜水(0)
xiao.luo,3060928836,男,4年,2018/12/21,潜水(0)
大象无形,657398050,男,11年,2018/12/21,潜水(0)
kelvin,479561839,男,12年,2018/12/21,潜水(0)
Hm,53746737,男,18年,2018/12/21,潜水(0)
S,542187569,女,13年,2018/12/21,潜水(0)
Rae:,1005270946,未知,11年,2018/12/21,潜水(0)
行走的ET,2223957793,男,8年,2018/12/21,潜水(0)
沙漠海鸥,403153213,男,14年,2018/12/21,潜水(0)
牛奶先森,1165979520,男,9年,2018/12/21,潜水(0)
null,342930411,男,10年,2018/12/21,潜水(0)
denghc,1215455601,男,10年,2019/01/01,潜水(0)
柳牧之,979040676,男,11年,2019/01/01,潜水(0)
yidun,3050149079,男,5年,2019/01/02,潜水(0)
白鹿路88号,2542291919,男,7年,2019/01/02,潜水(0)
Weirdo,943977573,男,11年,2019/01/02,潜水(0)
风随行,229344529,男,16年,2019/01/03,潜水(0)
夏天Alex,278635832,男,12年,2019/01/03,潜水(0)
狼之吻,642299904,男,12年,2019/01/03,潜水(0)
St,1032962558,未知,9年,2019/01/03,潜水(0)
气球,2632699904,男,6年,2019/01/03,潜水(0)
新,253824652,男,15年,2019/01/03,潜水(0)
张遥,1124826889,男,10年,2019/01/03,潜水(0)
汪浩浩,461561435,男,12年,2019/01/03,潜水(0)
如是而已,1720407931,男,4年,2019/01/03,潜水(0)
我一贱你就笑着说什么,1209725175,男,10年,2019/01/13,潜水(0)
王钦利,1078956079,男,10年,2019/01/13,潜水(0)
123456,769940378,男,12年,2019/01/13,潜水(0)
一颗滚石,2931115829,男,6年,2019/01/13,潜水(0)
Cribe,1340887296,男,9年,2019/01/13,潜水(0)
疯狂的绵羊(o_o),412604832,男,14年,2019/01/13,潜水(0)
Mr.C,1367768392,未知,9年,2019/01/13,潜水(0)
Start,1956668950,男,7年,2019/01/13,潜水(0)
龙在江湖,422796924,男,14年,2019/01/13,潜水(0)
Ainas,1873127869,男,6年,2019/01/13,潜水(0)
Octocat,410097245,男,14年,2019/01/13,潜水(0)
逆流沙,121403725,男,13年,2019/01/13,潜水(0)
RJ,836968386,未知,9年,2019/01/13,潜水(0)
Samson,510667757,未知,13年,2019/01/13,潜水(0)
O(∩_∩)O~~,570978097,男,11年,2019/01/13,潜水(0)
William.Cheung???,496013218,男,11年,2019/01/13,潜水(0)
"王彩霖,",825268388,男,9年,2019/01/13,潜水(0)
胡图图,377362116,男,11年,2019/01/13,潜水(0)
抄抄抄,470377859,男,13年,2019/01/13,潜水(0)
夏目银古,704364374,未知,11年,2019/01/13,潜水(0)
Jiani,584757450,男,13年,2019/01/13,潜水(0)
九月的海风,562280454,男,14年,2019/01/13,潜水(0)
better?man,642866868,男,13年,2019/01/13,潜水(0)
My_Smart,1045660655,未知,11年,2019/01/13,潜水(0)
丶R,1477732,男,17年,2019/01/13,潜水(0)
格?子,1301139076,男,9年,2019/01/13,潜水(0)
橙子,1031653788,男,11年,2019/01/13,潜水(0)
你在和我说吗？,1454990729,男,9年,2019/01/13,潜水(0)
小菜,1061209307,男,9年,2019/01/13,潜水(0)
H,710758088,男,9年,2019/01/13,潜水(0)
Tiddar,1124206990,男,9年,2019/01/13,潜水(0)
hyperblue,511823180,男,13年,2019/01/13,潜水(0)
viva?la?vida,744174937,男,11年,2019/01/13,潜水(0)
Silence,389638406,男,12年,2019/01/16,潜水(0)
年,1030299751,男,10年,2019/01/16,潜水(0)
Henry,525694527,女,14年,2019/01/16,潜水(0)
&nbsp；,1271542981,男,8年,2019/01/16,潜水(0)
梦里梦到醒不来的梦,1592703412,男,8年,2019/01/16,潜水(0)
Senor,1533287365,未知,7年,2019/01/24,潜水(0)
Lj,983436909,男,11年,2019/01/24,潜水(0)
Upskyou,83048460,男,18年,2019/01/24,潜水(0)
白天不懂夜的黑,980697938,男,11年,2019/01/24,潜水(0)
Joe,944099051,男,11年,2019/01/24,潜水(0)
破晓?b,576945616,男,10年,2019/01/24,潜水(0)
不瘦不穿超短裤,1208351236,女,10年,2019/01/24,潜水(0)
rollback,251831888,未知,11年,2019/01/24,潜水(0)
在路上,986495818,未知,9年,2019/01/24,潜水(0)
ZHENGNVI,1550186371,男,9年,2019/01/24,潜水(0)
im,971965068,未知,11年,2019/01/24,潜水(0)
风*雨,1213987842,男,10年,2019/01/24,潜水(0)
猪都笑了。,703536257,未知,12年,2019/01/24,潜水(0)
活在当下,549615081,男,13年,2019/01/24,潜水(0)
┣╃Moon╆┅,121645210,男,17年,2019/01/24,潜水(0)
风雨无阻,326167121,男,9年,2019/01/24,潜水(0)
摇摆的老妖、,277967174,男,14年,2019/01/24,潜水(0)
明月清风,1366235430,男,8年,2019/01/24,潜水(0)
轩,245684715,未知,13年,2019/02/09,潜水(0)
Rui.Xu,286677532,男,15年,2019/02/09,潜水(0)
me,1021692693,男,9年,2019/02/09,潜水(0)
阿胜,1097905802,男,10年,2019/02/09,潜水(0)
咩叽,404759692,未知,14年,2019/02/09,潜水(0)
如此生活,523815375,男,12年,2019/02/09,潜水(0)
脖子之主,932828187,男,11年,2019/02/09,潜水(0)
柳暗花明,879008583,未知,9年,2019/02/09,潜水(0)
幸福硪给睨,1137498302,男,10年,2019/02/12,潜水(0)
战??绝,732735734,男,9年,2019/02/12,潜水(0)
Hey，秋,563539251,男,13年,2019/02/14,潜水(0)
~V~,544053827,男,12年,2019/02/14,潜水(0)
echo,505252216,男,13年,2019/02/22,潜水(0)
无言以对,1014126299,未知,11年,2019/02/24,潜水(0)
无奈无耐,408153302,男,10年,2019/02/24,潜水(0)
拓・°☆,56958304,未知,18年,2019/02/24,潜水(0)
征途,893493975,未知,11年,2019/02/24,潜水(0)
deer,842277702,男,11年,2019/02/24,潜水(0)
flight?of?time,438087241,男,12年,2019/02/24,潜水(0)
林琛毅-纳网科技,2355211672,未知,2年,2019/02/24,潜水(0)
?n??????柠檬不萌,1554382111,男,7年,2019/02/24,潜水(0)
不如吃茶去,243560834,男,13年,2019/02/24,潜水(0)
,QQ,у,Q榫,ョ兢堕,瑷
蹇,503203440,,7骞,2016/01/22,2019/07/12
,QQ,у,Q榫,ョ兢堕,瑷
蹇,503203440,,7骞,2016/01/22,2019/07/12
涔涓灏峰╀,3256535670,,4骞,2016/01/22,2019/07/12
,2602619375,,6骞,2016/01/22,2016/10/05
Q缇ょ″,2854196310,,2骞,2019/07/12,2019/07/12
灏,2854196306,濂,2骞,2019/07/12,2019/07/12
琛ㄦ,2854196312,,2骞,2019/07/12,2019/07/12
,QQ,у,Q榫,ョ兢堕,瑷
蹇,503203440,,7骞,2016/01/22,2019/07/12
涔涓灏峰╀,3256535670,,4骞,2016/01/22,2019/07/12
,2602619375,,6骞,2016/01/22,2016/10/05
Q缇ょ″,2854196310,,2骞,2019/07/12,2019/07/12
灏,2854196306,濂,2骞,2019/07/12,2019/07/12
琛ㄦ,2854196312,,2骞,2019/07/12,2019/07/12
,QQ,у,Q榫,ョ兢堕,瑷
蹇,503203440,,7骞,2016/01/22,2019/07/12
涔涓灏峰╀,3256535670,,4骞,2016/01/22,2019/07/12
,2602619375,,6骞,2016/01/22,2016/10/05
Q缇ょ″,2854196310,,2骞,2019/07/12,2019/07/12
灏,2854196306,濂,2骞,2019/07/12,2019/07/12
琛ㄦ,2854196312,,2骞,2019/07/12,2019/07/12
,QQ,у,Q榫,ョ兢堕,瑷
蹇,503203440,,7骞,2016/01/22,2019/07/12
涔涓灏峰╀,3256535670,,4骞,2016/01/22,2019/07/12
,2602619375,,6骞,2016/01/22,2016/10/05
Q缇ょ″,2854196310,,2骞,2019/07/12,2019/07/12
灏,2854196306,濂,2骞,2019/07/12,2019/07/12
琛ㄦ,2854196312,,2骞,2019/07/12,2019/07/12
,QQ,у,Q榫,ョ兢堕,瑷
蹇,503203440,,7骞,2016/01/22,2019/07/12
涔涓灏峰╀,3256535670,,4骞,2016/01/22,2019/07/12
,2602619375,,6骞,2016/01/22,2016/10/05
Q缇ょ″,2854196310,,2骞,2019/07/12,2019/07/12
灏,2854196306,濂,2骞,2019/07/12,2019/07/12
琛ㄦ,2854196312,,2骞,2019/07/12,2019/07/12
